[{"model": "minesweeper.board", "pk": 19, "fields": {"name": "Test 2", "rows": 6, "cols": 6, "mines": 3, "start": "2021-01-14T17:48:04.232Z", "end": null, "duration": "00:00:00", "nr_hidden_cells": 9, "state": "BEGIN"}}, {"model": "minesweeper.board", "pk": 33, "fields": {"name": "Test 1", "rows": 3, "cols": 3, "mines": 3, "start": "2021-01-14T18:04:16.826Z", "end": null, "duration": "00:00:00", "nr_hidden_cells": 9, "state": "BEGIN"}}, {"model": "minesweeper.board", "pk": 35, "fields": {"name": "Test 3", "rows": 10, "cols": 10, "mines": 3, "start": "2021-01-14T18:06:47.040Z", "end": null, "duration": "00:00:00", "nr_hidden_cells": null, "state": "BEGIN"}}, {"model": "minesweeper.board", "pk": 45, "fields": {"name": "Test 4", "rows": 20, "cols": 20, "mines": 3, "start": "2021-01-14T21:01:02.293Z", "end": null, "duration": "00:00:00", "nr_hidden_cells": 9, "state": "BEGIN"}}, {"model": "minesweeper.cell", "pk": 476, "fields": {"name": "0_0", "x": 0, "y": 0, "value": "2", "visible": false, "mined": false, "flagged": false, "board": 33}}, {"model": "minesweeper.cell", "pk": 477, "fields": {"name": "0_1", "x": 0, "y": 1, "value": "-1", "visible": false, "mined": true, "flagged": false, "board": 33}}, {"model": "minesweeper.cell", "pk": 478, "fields": {"name": "0_2", "x": 0, "y": 2, "value": "1", "visible": true, "mined": false, "flagged": false, "board": 33}}, {"model": "minesweeper.cell", "pk": 479, "fields": {"name": "1_0", "x": 1, "y": 0, "value": "3", "visible": false, "mined": false, "flagged": false, "board": 33}}, {"model": "minesweeper.cell", "pk": 480, "fields": {"name": "1_1", "x": 1, "y": 1, "value": "-1", "visible": false, "mined": true, "flagged": false, "board": 33}}, {"model": "minesweeper.cell", "pk": 481, "fields": {"name": "1_2", "x": 1, "y": 2, "value": "1", "visible": true, "mined": false, "flagged": false, "board": 33}}, {"model": "minesweeper.cell", "pk": 482, "fields": {"name": "2_0", "x": 2, "y": 0, "value": "-1", "visible": false, "mined": true, "flagged": false, "board": 33}}, {"model": "minesweeper.cell", "pk": 483, "fields": {"name": "2_1", "x": 2, "y": 1, "value": "1", "visible": false, "mined": false, "flagged": false, "board": 33}}, {"model": "minesweeper.cell", "pk": 484, "fields": {"name": "2_2", "x": 2, "y": 2, "value": "1", "visible": true, "mined": false, "flagged": false, "board": 33}}, {"model": "minesweeper.cell", "pk": 15940, "fields": {"name": "0_0", "x": 0, "y": 0, "value": "0", "visible": false, "mined": false, "flagged": false, "board": 45}}, {"model": "minesweeper.cell", "pk": 15941, "fields": {"name": "0_1", "x": 0, "y": 1, "value": "0", "visible": false, "mined": false, "flagged": false, "board": 45}}, {"model": "minesweeper.cell", "pk": 15942, "fields": {"name": "0_2", "x": 0, "y": 2, "value": "0", "visible": false, "mined": false, "flagged": false, "board": 45}}, {"model": "minesweeper.cell", "pk": 15943, "fields": {"name": "0_3", "x": 0, "y": 3, "value": "0", "visible": false, "mined": false, "flagged": false, "board": 45}}, {"model": "minesweeper.cell", "pk": 15944, "fields": {"name": "0_4", "x": 0, "y": 4, "value": "0", "visible": false, "mined": false, "flagged": false, "board": 45}}, {"model": "minesweeper.cell", "pk": 15945, "fields": {"name": "0_5", "x": 0, "y": 5, "value": "0", "visible": false, "mined": false, "flagged": false, "board": 45}}, {"model": "minesweeper.cell", "pk": 15946, "fields": {"name": "0_6", "x": 0, "y": 6, "value": "0", "visible": false, "mined": false, "flagged": false, "board": 45}}, {"model": "minesweeper.cell", "pk": 15947, "fields": {"name": "0_7", "x": 0, "y": 7, "value": "0", "visible": false, "mined": false, "flagged": false, "board": 45}}, {"model": "minesweeper.cell", "pk": 15948, "fields": {"name": "0_8", "x": 0, "y": 8, "value": "0", "visible": false, "mined": false, "flagged": false, "board": 45}}, {"model": "minesweeper.cell", "pk": 15949, "fields": {"name": "0_9", "x": 0, "y": 9, "value": "0", "visible": false, "mined": false, "flagged": false, "board": 45}}, {"model": "minesweeper.cell", "pk": 15950, "fields": {"name": "0_10", "x": 0, "y": 10, "value": "0", "visible": false, "mined": false, "flagged": false, "board": 45}}, {"model": "minesweeper.cell", "pk": 15951, "fields": {"name": "0_11", "x": 0, "y": 11, "value": "0", "visible": false, "mined": false, "flagged": false, "board": 45}}, {"model": "minesweeper.cell", "pk": 15952, "fields": {"name": "0_12", "x": 0, "y": 12, "value": "0", "visible": false, "mined": false, "flagged": false, "board": 45}}, {"model": "minesweeper.cell", "pk": 15953, "fields": {"name": "0_13", "x": 0, "y": 13, "value": "0", "visible": false, "mined": false, "flagged": false, "board": 45}}, {"model": "minesweeper.cell", "pk": 15954, "fields": {"name": "0_14", "x": 0, "y": 14, "value": "0", "visible": false, "mined": false, "flagged": false, "board": 45}}, {"model": "minesweeper.cell", "pk": 15955, "fields": {"name": "0_15", "x": 0, "y": 15, "value": "0", "visible": false, "mined": false, "flagged": false, "board": 45}}, {"model": "minesweeper.cell", "pk": 15956, "fields": {"name": "0_16", "x": 0, "y": 16, "value": "0", "visible": false, "mined": false, "flagged": false, "board": 45}}, {"model": "minesweeper.cell", "pk": 15957, "fields": {"name": "0_17", "x": 0, "y": 17, "value": "0", "visible": false, "mined": false, "flagged": false, "board": 45}}, {"model": "minesweeper.cell", "pk": 15958, "fields": {"name": "0_18", "x": 0, "y": 18, "value": "0", "visible": false, "mined": false, "flagged": false, "board": 45}}, {"model": "minesweeper.cell", "pk": 15959, "fields": {"name": "0_19", "x": 0, "y": 19, "value": "0", "visible": false, "mined": false, "flagged": false, "board": 45}}, {"model": "minesweeper.cell", "pk": 15960, "fields": {"name": "1_0", "x": 1, "y": 0, "value": "0", "visible": false, "mined": false, "flagged": false, "board": 45}}, {"model": "minesweeper.cell", "pk": 15961, "fields": {"name": "1_1", "x": 1, "y": 1, "value": "0", "visible": false, "mined": false, "flagged": false, "board": 45}}, {"model": "minesweeper.cell", "pk": 15962, "fields": {"name": "1_2", "x": 1, "y": 2, "value": "0", "visible": false, "mined": false, "flagged": false, "board": 45}}, {"model": "minesweeper.cell", "pk": 15963, "fields": {"name": "1_3", "x": 1, "y": 3, "value": "0", "visible": false, "mined": false, "flagged": false, "board": 45}}, {"model": "minesweeper.cell", "pk": 15964, "fields": {"name": "1_4", "x": 1, "y": 4, "value": "1", "visible": false, "mined": false, "flagged": false, "board": 45}}, {"model": "minesweeper.cell", "pk": 15965, "fields": {"name": "1_5", "x": 1, "y": 5, "value": "1", "visible": false, "mined": false, "flagged": false, "board": 45}}, {"model": "minesweeper.cell", "pk": 15966, "fields": {"name": "1_6", "x": 1, "y": 6, "value": "1", "visible": false, "mined": false, "flagged": false, "board": 45}}, {"model": "minesweeper.cell", "pk": 15967, "fields": {"name": "1_7", "x": 1, "y": 7, "value": "0", "visible": false, "mined": false, "flagged": false, "board": 45}}, {"model": "minesweeper.cell", "pk": 15968, "fields": {"name": "1_8", "x": 1, "y": 8, "value": "0", "visible": false, "mined": false, "flagged": false, "board": 45}}, {"model": "minesweeper.cell", "pk": 15969, "fields": {"name": "1_9", "x": 1, "y": 9, "value": "0", "visible": false, "mined": false, "flagged": false, "board": 45}}, {"model": "minesweeper.cell", "pk": 15970, "fields": {"name": "1_10", "x": 1, "y": 10, "value": "0", "visible": false, "mined": false, "flagged": false, "board": 45}}, {"model": "minesweeper.cell", "pk": 15971, "fields": {"name": "1_11", "x": 1, "y": 11, "value": "0", "visible": false, "mined": false, "flagged": false, "board": 45}}, {"model": "minesweeper.cell", "pk": 15972, "fields": {"name": "1_12", "x": 1, "y": 12, "value": "0", "visible": false, "mined": false, "flagged": false, "board": 45}}, {"model": "minesweeper.cell", "pk": 15973, "fields": {"name": "1_13", "x": 1, "y": 13, "value": "0", "visible": false, "mined": false, "flagged": false, "board": 45}}, {"model": "minesweeper.cell", "pk": 15974, "fields": {"name": "1_14", "x": 1, "y": 14, "value": "0", "visible": false, "mined": false, "flagged": false, "board": 45}}, {"model": "minesweeper.cell", "pk": 15975, "fields": {"name": "1_15", "x": 1, "y": 15, "value": "0", "visible": false, "mined": false, "flagged": false, "board": 45}}, {"model": "minesweeper.cell", "pk": 15976, "fields": {"name": "1_16", "x": 1, "y": 16, "value": "0", "visible": false, "mined": false, "flagged": false, "board": 45}}, {"model": "minesweeper.cell", "pk": 15977, "fields": {"name": "1_17", "x": 1, "y": 17, "value": "0", "visible": false, "mined": false, "flagged": false, "board": 45}}, {"model": "minesweeper.cell", "pk": 15978, "fields": {"name": "1_18", "x": 1, "y": 18, "value": "0", "visible": false, "mined": false, "flagged": false, "board": 45}}, {"model": "minesweeper.cell", "pk": 15979, "fields": {"name": "1_19", "x": 1, "y": 19, "value": "0", "visible": false, "mined": false, "flagged": false, "board": 45}}, {"model": "minesweeper.cell", "pk": 15980, "fields": {"name": "2_0", "x": 2, "y": 0, "value": "0", "visible": false, "mined": false, "flagged": false, "board": 45}}, {"model": "minesweeper.cell", "pk": 15981, "fields": {"name": "2_1", "x": 2, "y": 1, "value": "0", "visible": false, "mined": false, "flagged": false, "board": 45}}, {"model": "minesweeper.cell", "pk": 15982, "fields": {"name": "2_2", "x": 2, "y": 2, "value": "0", "visible": false, "mined": false, "flagged": false, "board": 45}}, {"model": "minesweeper.cell", "pk": 15983, "fields": {"name": "2_3", "x": 2, "y": 3, "value": "0", "visible": false, "mined": false, "flagged": false, "board": 45}}, {"model": "minesweeper.cell", "pk": 15984, "fields": {"name": "2_4", "x": 2, "y": 4, "value": "1", "visible": false, "mined": false, "flagged": false, "board": 45}}, {"model": "minesweeper.cell", "pk": 15985, "fields": {"name": "2_5", "x": 2, "y": 5, "value": "-1", "visible": false, "mined": true, "flagged": false, "board": 45}}, {"model": "minesweeper.cell", "pk": 15986, "fields": {"name": "2_6", "x": 2, "y": 6, "value": "0", "visible": false, "mined": false, "flagged": false, "board": 45}}, {"model": "minesweeper.cell", "pk": 15987, "fields": {"name": "2_7", "x": 2, "y": 7, "value": "0", "visible": false, "mined": false, "flagged": false, "board": 45}}, {"model": "minesweeper.cell", "pk": 15988, "fields": {"name": "2_8", "x": 2, "y": 8, "value": "0", "visible": false, "mined": false, "flagged": false, "board": 45}}, {"model": "minesweeper.cell", "pk": 15989, "fields": {"name": "2_9", "x": 2, "y": 9, "value": "0", "visible": false, "mined": false, "flagged": false, "board": 45}}, {"model": "minesweeper.cell", "pk": 15990, "fields": {"name": "2_10", "x": 2, "y": 10, "value": "0", "visible": false, "mined": false, "flagged": false, "board": 45}}, {"model": "minesweeper.cell", "pk": 15991, "fields": {"name": "2_11", "x": 2, "y": 11, "value": "0", "visible": false, "mined": false, "flagged": false, "board": 45}}, {"model": "minesweeper.cell", "pk": 15992, "fields": {"name": "2_12", "x": 2, "y": 12, "value": "0", "visible": false, "mined": false, "flagged": false, "board": 45}}, {"model": "minesweeper.cell", "pk": 15993, "fields": {"name": "2_13", "x": 2, "y": 13, "value": "0", "visible": false, "mined": false, "flagged": false, "board": 45}}, {"model": "minesweeper.cell", "pk": 15994, "fields": {"name": "2_14", "x": 2, "y": 14, "value": "0", "visible": false, "mined": false, "flagged": false, "board": 45}}, {"model": "minesweeper.cell", "pk": 15995, "fields": {"name": "2_15", "x": 2, "y": 15, "value": "0", "visible": false, "mined": false, "flagged": false, "board": 45}}, {"model": "minesweeper.cell", "pk": 15996, "fields": {"name": "2_16", "x": 2, "y": 16, "value": "0", "visible": false, "mined": false, "flagged": false, "board": 45}}, {"model": "minesweeper.cell", "pk": 15997, "fields": {"name": "2_17", "x": 2, "y": 17, "value": "0", "visible": false, "mined": false, "flagged": false, "board": 45}}, {"model": "minesweeper.cell", "pk": 15998, "fields": {"name": "2_18", "x": 2, "y": 18, "value": "0", "visible": false, "mined": false, "flagged": false, "board": 45}}, {"model": "minesweeper.cell", "pk": 15999, "fields": {"name": "2_19", "x": 2, "y": 19, "value": "0", "visible": false, "mined": false, "flagged": false, "board": 45}}, {"model": "minesweeper.cell", "pk": 16000, "fields": {"name": "3_0", "x": 3, "y": 0, "value": "0", "visible": false, "mined": false, "flagged": false, "board": 45}}, {"model": "minesweeper.cell", "pk": 16001, "fields": {"name": "3_1", "x": 3, "y": 1, "value": "0", "visible": false, "mined": false, "flagged": false, "board": 45}}, {"model": "minesweeper.cell", "pk": 16002, "fields": {"name": "3_2", "x": 3, "y": 2, "value": "0", "visible": false, "mined": false, "flagged": false, "board": 45}}, {"model": "minesweeper.cell", "pk": 16003, "fields": {"name": "3_3", "x": 3, "y": 3, "value": "0", "visible": false, "mined": false, "flagged": false, "board": 45}}, {"model": "minesweeper.cell", "pk": 16004, "fields": {"name": "3_4", "x": 3, "y": 4, "value": "1", "visible": false, "mined": false, "flagged": false, "board": 45}}, {"model": "minesweeper.cell", "pk": 16005, "fields": {"name": "3_5", "x": 3, "y": 5, "value": "1", "visible": false, "mined": false, "flagged": false, "board": 45}}, {"model": "minesweeper.cell", "pk": 16006, "fields": {"name": "3_6", "x": 3, "y": 6, "value": "1", "visible": false, "mined": false, "flagged": false, "board": 45}}, {"model": "minesweeper.cell", "pk": 16007, "fields": {"name": "3_7", "x": 3, "y": 7, "value": "0", "visible": false, "mined": false, "flagged": false, "board": 45}}, {"model": "minesweeper.cell", "pk": 16008, "fields": {"name": "3_8", "x": 3, "y": 8, "value": "0", "visible": false, "mined": false, "flagged": false, "board": 45}}, {"model": "minesweeper.cell", "pk": 16009, "fields": {"name": "3_9", "x": 3, "y": 9, "value": "0", "visible": false, "mined": false, "flagged": false, "board": 45}}, {"model": "minesweeper.cell", "pk": 16010, "fields": {"name": "3_10", "x": 3, "y": 10, "value": "1", "visible": false, "mined": false, "flagged": false, "board": 45}}, {"model": "minesweeper.cell", "pk": 16011, "fields": {"name": "3_11", "x": 3, "y": 11, "value": "1", "visible": false, "mined": false, "flagged": false, "board": 45}}, {"model": "minesweeper.cell", "pk": 16012, "fields": {"name": "3_12", "x": 3, "y": 12, "value": "1", "visible": false, "mined": false, "flagged": false, "board": 45}}, {"model": "minesweeper.cell", "pk": 16013, "fields": {"name": "3_13", "x": 3, "y": 13, "value": "0", "visible": false, "mined": false, "flagged": false, "board": 45}}, {"model": "minesweeper.cell", "pk": 16014, "fields": {"name": "3_14", "x": 3, "y": 14, "value": "0", "visible": false, "mined": false, "flagged": false, "board": 45}}, {"model": "minesweeper.cell", "pk": 16015, "fields": {"name": "3_15", "x": 3, "y": 15, "value": "0", "visible": false, "mined": false, "flagged": false, "board": 45}}, {"model": "minesweeper.cell", "pk": 16016, "fields": {"name": "3_16", "x": 3, "y": 16, "value": "0", "visible": false, "mined": false, "flagged": false, "board": 45}}, {"model": "minesweeper.cell", "pk": 16017, "fields": {"name": "3_17", "x": 3, "y": 17, "value": "0", "visible": false, "mined": false, "flagged": false, "board": 45}}, {"model": "minesweeper.cell", "pk": 16018, "fields": {"name": "3_18", "x": 3, "y": 18, "value": "0", "visible": false, "mined": false, "flagged": false, "board": 45}}, {"model": "minesweeper.cell", "pk": 16019, "fields": {"name": "3_19", "x": 3, "y": 19, "value": "0", "visible": false, "mined": false, "flagged": false, "board": 45}}, {"model": "minesweeper.cell", "pk": 16020, "fields": {"name": "4_0", "x": 4, "y": 0, "value": "0", "visible": false, "mined": false, "flagged": false, "board": 45}}, {"model": "minesweeper.cell", "pk": 16021, "fields": {"name": "4_1", "x": 4, "y": 1, "value": "0", "visible": false, "mined": false, "flagged": false, "board": 45}}, {"model": "minesweeper.cell", "pk": 16022, "fields": {"name": "4_2", "x": 4, "y": 2, "value": "0", "visible": false, "mined": false, "flagged": false, "board": 45}}, {"model": "minesweeper.cell", "pk": 16023, "fields": {"name": "4_3", "x": 4, "y": 3, "value": "0", "visible": false, "mined": false, "flagged": false, "board": 45}}, {"model": "minesweeper.cell", "pk": 16024, "fields": {"name": "4_4", "x": 4, "y": 4, "value": "0", "visible": false, "mined": false, "flagged": false, "board": 45}}, {"model": "minesweeper.cell", "pk": 16025, "fields": {"name": "4_5", "x": 4, "y": 5, "value": "0", "visible": false, "mined": false, "flagged": false, "board": 45}}, {"model": "minesweeper.cell", "pk": 16026, "fields": {"name": "4_6", "x": 4, "y": 6, "value": "0", "visible": false, "mined": false, "flagged": false, "board": 45}}, {"model": "minesweeper.cell", "pk": 16027, "fields": {"name": "4_7", "x": 4, "y": 7, "value": "0", "visible": false, "mined": false, "flagged": false, "board": 45}}, {"model": "minesweeper.cell", "pk": 16028, "fields": {"name": "4_8", "x": 4, "y": 8, "value": "0", "visible": false, "mined": false, "flagged": false, "board": 45}}, {"model": "minesweeper.cell", "pk": 16029, "fields": {"name": "4_9", "x": 4, "y": 9, "value": "0", "visible": false, "mined": false, "flagged": false, "board": 45}}, {"model": "minesweeper.cell", "pk": 16030, "fields": {"name": "4_10", "x": 4, "y": 10, "value": "1", "visible": false, "mined": false, "flagged": false, "board": 45}}, {"model": "minesweeper.cell", "pk": 16031, "fields": {"name": "4_11", "x": 4, "y": 11, "value": "-1", "visible": false, "mined": true, "flagged": false, "board": 45}}, {"model": "minesweeper.cell", "pk": 16032, "fields": {"name": "4_12", "x": 4, "y": 12, "value": "0", "visible": false, "mined": false, "flagged": false, "board": 45}}, {"model": "minesweeper.cell", "pk": 16033, "fields": {"name": "4_13", "x": 4, "y": 13, "value": "0", "visible": false, "mined": false, "flagged": false, "board": 45}}, {"model": "minesweeper.cell", "pk": 16034, "fields": {"name": "4_14", "x": 4, "y": 14, "value": "0", "visible": false, "mined": false, "flagged": false, "board": 45}}, {"model": "minesweeper.cell", "pk": 16035, "fields": {"name": "4_15", "x": 4, "y": 15, "value": "0", "visible": false, "mined": false, "flagged": false, "board": 45}}, {"model": "minesweeper.cell", "pk": 16036, "fields": {"name": "4_16", "x": 4, "y": 16, "value": "0", "visible": false, "mined": false, "flagged": false, "board": 45}}, {"model": "minesweeper.cell", "pk": 16037, "fields": {"name": "4_17", "x": 4, "y": 17, "value": "0", "visible": false, "mined": false, "flagged": false, "board": 45}}, {"model": "minesweeper.cell", "pk": 16038, "fields": {"name": "4_18", "x": 4, "y": 18, "value": "0", "visible": false, "mined": false, "flagged": false, "board": 45}}, {"model": "minesweeper.cell", "pk": 16039, "fields": {"name": "4_19", "x": 4, "y": 19, "value": "0", "visible": false, "mined": false, "flagged": false, "board": 45}}, {"model": "minesweeper.cell", "pk": 16040, "fields": {"name": "5_0", "x": 5, "y": 0, "value": "0", "visible": false, "mined": false, "flagged": false, "board": 45}}, {"model": "minesweeper.cell", "pk": 16041, "fields": {"name": "5_1", "x": 5, "y": 1, "value": "0", "visible": false, "mined": false, "flagged": false, "board": 45}}, {"model": "minesweeper.cell", "pk": 16042, "fields": {"name": "5_2", "x": 5, "y": 2, "value": "0", "visible": false, "mined": false, "flagged": false, "board": 45}}, {"model": "minesweeper.cell", "pk": 16043, "fields": {"name": "5_3", "x": 5, "y": 3, "value": "0", "visible": false, "mined": false, "flagged": false, "board": 45}}, {"model": "minesweeper.cell", "pk": 16044, "fields": {"name": "5_4", "x": 5, "y": 4, "value": "0", "visible": false, "mined": false, "flagged": false, "board": 45}}, {"model": "minesweeper.cell", "pk": 16045, "fields": {"name": "5_5", "x": 5, "y": 5, "value": "0", "visible": false, "mined": false, "flagged": false, "board": 45}}, {"model": "minesweeper.cell", "pk": 16046, "fields": {"name": "5_6", "x": 5, "y": 6, "value": "0", "visible": false, "mined": false, "flagged": false, "board": 45}}, {"model": "minesweeper.cell", "pk": 16047, "fields": {"name": "5_7", "x": 5, "y": 7, "value": "0", "visible": false, "mined": false, "flagged": false, "board": 45}}, {"model": "minesweeper.cell", "pk": 16048, "fields": {"name": "5_8", "x": 5, "y": 8, "value": "0", "visible": false, "mined": false, "flagged": false, "board": 45}}, {"model": "minesweeper.cell", "pk": 16049, "fields": {"name": "5_9", "x": 5, "y": 9, "value": "0", "visible": false, "mined": false, "flagged": false, "board": 45}}, {"model": "minesweeper.cell", "pk": 16050, "fields": {"name": "5_10", "x": 5, "y": 10, "value": "1", "visible": false, "mined": false, "flagged": false, "board": 45}}, {"model": "minesweeper.cell", "pk": 16051, "fields": {"name": "5_11", "x": 5, "y": 11, "value": "1", "visible": false, "mined": false, "flagged": false, "board": 45}}, {"model": "minesweeper.cell", "pk": 16052, "fields": {"name": "5_12", "x": 5, "y": 12, "value": "1", "visible": false, "mined": false, "flagged": false, "board": 45}}, {"model": "minesweeper.cell", "pk": 16053, "fields": {"name": "5_13", "x": 5, "y": 13, "value": "0", "visible": false, "mined": false, "flagged": false, "board": 45}}, {"model": "minesweeper.cell", "pk": 16054, "fields": {"name": "5_14", "x": 5, "y": 14, "value": "0", "visible": false, "mined": false, "flagged": false, "board": 45}}, {"model": "minesweeper.cell", "pk": 16055, "fields": {"name": "5_15", "x": 5, "y": 15, "value": "0", "visible": false, "mined": false, "flagged": false, "board": 45}}, {"model": "minesweeper.cell", "pk": 16056, "fields": {"name": "5_16", "x": 5, "y": 16, "value": "0", "visible": false, "mined": false, "flagged": false, "board": 45}}, {"model": "minesweeper.cell", "pk": 16057, "fields": {"name": "5_17", "x": 5, "y": 17, "value": "0", "visible": false, "mined": false, "flagged": false, "board": 45}}, {"model": "minesweeper.cell", "pk": 16058, "fields": {"name": "5_18", "x": 5, "y": 18, "value": "0", "visible": false, "mined": false, "flagged": false, "board": 45}}, {"model": "minesweeper.cell", "pk": 16059, "fields": {"name": "5_19", "x": 5, "y": 19, "value": "0", "visible": false, "mined": false, "flagged": false, "board": 45}}, {"model": "minesweeper.cell", "pk": 16060, "fields": {"name": "6_0", "x": 6, "y": 0, "value": "0", "visible": false, "mined": false, "flagged": false, "board": 45}}, {"model": "minesweeper.cell", "pk": 16061, "fields": {"name": "6_1", "x": 6, "y": 1, "value": "0", "visible": false, "mined": false, "flagged": false, "board": 45}}, {"model": "minesweeper.cell", "pk": 16062, "fields": {"name": "6_2", "x": 6, "y": 2, "value": "0", "visible": false, "mined": false, "flagged": false, "board": 45}}, {"model": "minesweeper.cell", "pk": 16063, "fields": {"name": "6_3", "x": 6, "y": 3, "value": "0", "visible": false, "mined": false, "flagged": false, "board": 45}}, {"model": "minesweeper.cell", "pk": 16064, "fields": {"name": "6_4", "x": 6, "y": 4, "value": "0", "visible": false, "mined": false, "flagged": false, "board": 45}}, {"model": "minesweeper.cell", "pk": 16065, "fields": {"name": "6_5", "x": 6, "y": 5, "value": "0", "visible": false, "mined": false, "flagged": false, "board": 45}}, {"model": "minesweeper.cell", "pk": 16066, "fields": {"name": "6_6", "x": 6, "y": 6, "value": "0", "visible": false, "mined": false, "flagged": false, "board": 45}}, {"model": "minesweeper.cell", "pk": 16067, "fields": {"name": "6_7", "x": 6, "y": 7, "value": "0", "visible": false, "mined": false, "flagged": false, "board": 45}}, {"model": "minesweeper.cell", "pk": 16068, "fields": {"name": "6_8", "x": 6, "y": 8, "value": "0", "visible": false, "mined": false, "flagged": false, "board": 45}}, {"model": "minesweeper.cell", "pk": 16069, "fields": {"name": "6_9", "x": 6, "y": 9, "value": "0", "visible": false, "mined": false, "flagged": false, "board": 45}}, {"model": "minesweeper.cell", "pk": 16070, "fields": {"name": "6_10", "x": 6, "y": 10, "value": "0", "visible": false, "mined": false, "flagged": false, "board": 45}}, {"model": "minesweeper.cell", "pk": 16071, "fields": {"name": "6_11", "x": 6, "y": 11, "value": "0", "visible": false, "mined": false, "flagged": false, "board": 45}}, {"model": "minesweeper.cell", "pk": 16072, "fields": {"name": "6_12", "x": 6, "y": 12, "value": "0", "visible": false, "mined": false, "flagged": false, "board": 45}}, {"model": "minesweeper.cell", "pk": 16073, "fields": {"name": "6_13", "x": 6, "y": 13, "value": "0", "visible": false, "mined": false, "flagged": false, "board": 45}}, {"model": "minesweeper.cell", "pk": 16074, "fields": {"name": "6_14", "x": 6, "y": 14, "value": "0", "visible": false, "mined": false, "flagged": false, "board": 45}}, {"model": "minesweeper.cell", "pk": 16075, "fields": {"name": "6_15", "x": 6, "y": 15, "value": "0", "visible": false, "mined": false, "flagged": false, "board": 45}}, {"model": "minesweeper.cell", "pk": 16076, "fields": {"name": "6_16", "x": 6, "y": 16, "value": "0", "visible": false, "mined": false, "flagged": false, "board": 45}}, {"model": "minesweeper.cell", "pk": 16077, "fields": {"name": "6_17", "x": 6, "y": 17, "value": "0", "visible": false, "mined": false, "flagged": false, "board": 45}}, {"model": "minesweeper.cell", "pk": 16078, "fields": {"name": "6_18", "x": 6, "y": 18, "value": "0", "visible": false, "mined": false, "flagged": false, "board": 45}}, {"model": "minesweeper.cell", "pk": 16079, "fields": {"name": "6_19", "x": 6, "y": 19, "value": "0", "visible": false, "mined": false, "flagged": false, "board": 45}}, {"model": "minesweeper.cell", "pk": 16080, "fields": {"name": "7_0", "x": 7, "y": 0, "value": "0", "visible": false, "mined": false, "flagged": false, "board": 45}}, {"model": "minesweeper.cell", "pk": 16081, "fields": {"name": "7_1", "x": 7, "y": 1, "value": "0", "visible": false, "mined": false, "flagged": false, "board": 45}}, {"model": "minesweeper.cell", "pk": 16082, "fields": {"name": "7_2", "x": 7, "y": 2, "value": "0", "visible": false, "mined": false, "flagged": false, "board": 45}}, {"model": "minesweeper.cell", "pk": 16083, "fields": {"name": "7_3", "x": 7, "y": 3, "value": "0", "visible": false, "mined": false, "flagged": false, "board": 45}}, {"model": "minesweeper.cell", "pk": 16084, "fields": {"name": "7_4", "x": 7, "y": 4, "value": "0", "visible": false, "mined": false, "flagged": false, "board": 45}}, {"model": "minesweeper.cell", "pk": 16085, "fields": {"name": "7_5", "x": 7, "y": 5, "value": "0", "visible": false, "mined": false, "flagged": false, "board": 45}}, {"model": "minesweeper.cell", "pk": 16086, "fields": {"name": "7_6", "x": 7, "y": 6, "value": "0", "visible": false, "mined": false, "flagged": false, "board": 45}}, {"model": "minesweeper.cell", "pk": 16087, "fields": {"name": "7_7", "x": 7, "y": 7, "value": "0", "visible": false, "mined": false, "flagged": false, "board": 45}}, {"model": "minesweeper.cell", "pk": 16088, "fields": {"name": "7_8", "x": 7, "y": 8, "value": "0", "visible": false, "mined": false, "flagged": false, "board": 45}}, {"model": "minesweeper.cell", "pk": 16089, "fields": {"name": "7_9", "x": 7, "y": 9, "value": "0", "visible": false, "mined": false, "flagged": false, "board": 45}}, {"model": "minesweeper.cell", "pk": 16090, "fields": {"name": "7_10", "x": 7, "y": 10, "value": "0", "visible": false, "mined": false, "flagged": false, "board": 45}}, {"model": "minesweeper.cell", "pk": 16091, "fields": {"name": "7_11", "x": 7, "y": 11, "value": "0", "visible": false, "mined": false, "flagged": false, "board": 45}}, {"model": "minesweeper.cell", "pk": 16092, "fields": {"name": "7_12", "x": 7, "y": 12, "value": "0", "visible": false, "mined": false, "flagged": false, "board": 45}}, {"model": "minesweeper.cell", "pk": 16093, "fields": {"name": "7_13", "x": 7, "y": 13, "value": "0", "visible": false, "mined": false, "flagged": false, "board": 45}}, {"model": "minesweeper.cell", "pk": 16094, "fields": {"name": "7_14", "x": 7, "y": 14, "value": "0", "visible": false, "mined": false, "flagged": false, "board": 45}}, {"model": "minesweeper.cell", "pk": 16095, "fields": {"name": "7_15", "x": 7, "y": 15, "value": "0", "visible": false, "mined": false, "flagged": false, "board": 45}}, {"model": "minesweeper.cell", "pk": 16096, "fields": {"name": "7_16", "x": 7, "y": 16, "value": "0", "visible": false, "mined": false, "flagged": false, "board": 45}}, {"model": "minesweeper.cell", "pk": 16097, "fields": {"name": "7_17", "x": 7, "y": 17, "value": "0", "visible": false, "mined": false, "flagged": false, "board": 45}}, {"model": "minesweeper.cell", "pk": 16098, "fields": {"name": "7_18", "x": 7, "y": 18, "value": "0", "visible": false, "mined": false, "flagged": false, "board": 45}}, {"model": "minesweeper.cell", "pk": 16099, "fields": {"name": "7_19", "x": 7, "y": 19, "value": "0", "visible": false, "mined": false, "flagged": false, "board": 45}}, {"model": "minesweeper.cell", "pk": 16100, "fields": {"name": "8_0", "x": 8, "y": 0, "value": "0", "visible": false, "mined": false, "flagged": false, "board": 45}}, {"model": "minesweeper.cell", "pk": 16101, "fields": {"name": "8_1", "x": 8, "y": 1, "value": "0", "visible": false, "mined": false, "flagged": false, "board": 45}}, {"model": "minesweeper.cell", "pk": 16102, "fields": {"name": "8_2", "x": 8, "y": 2, "value": "0", "visible": false, "mined": false, "flagged": false, "board": 45}}, {"model": "minesweeper.cell", "pk": 16103, "fields": {"name": "8_3", "x": 8, "y": 3, "value": "0", "visible": false, "mined": false, "flagged": false, "board": 45}}, {"model": "minesweeper.cell", "pk": 16104, "fields": {"name": "8_4", "x": 8, "y": 4, "value": "0", "visible": false, "mined": false, "flagged": false, "board": 45}}, {"model": "minesweeper.cell", "pk": 16105, "fields": {"name": "8_5", "x": 8, "y": 5, "value": "0", "visible": false, "mined": false, "flagged": false, "board": 45}}, {"model": "minesweeper.cell", "pk": 16106, "fields": {"name": "8_6", "x": 8, "y": 6, "value": "0", "visible": false, "mined": false, "flagged": false, "board": 45}}, {"model": "minesweeper.cell", "pk": 16107, "fields": {"name": "8_7", "x": 8, "y": 7, "value": "0", "visible": false, "mined": false, "flagged": false, "board": 45}}, {"model": "minesweeper.cell", "pk": 16108, "fields": {"name": "8_8", "x": 8, "y": 8, "value": "0", "visible": false, "mined": false, "flagged": false, "board": 45}}, {"model": "minesweeper.cell", "pk": 16109, "fields": {"name": "8_9", "x": 8, "y": 9, "value": "0", "visible": false, "mined": false, "flagged": false, "board": 45}}, {"model": "minesweeper.cell", "pk": 16110, "fields": {"name": "8_10", "x": 8, "y": 10, "value": "0", "visible": false, "mined": false, "flagged": false, "board": 45}}, {"model": "minesweeper.cell", "pk": 16111, "fields": {"name": "8_11", "x": 8, "y": 11, "value": "0", "visible": false, "mined": false, "flagged": false, "board": 45}}, {"model": "minesweeper.cell", "pk": 16112, "fields": {"name": "8_12", "x": 8, "y": 12, "value": "0", "visible": false, "mined": false, "flagged": false, "board": 45}}, {"model": "minesweeper.cell", "pk": 16113, "fields": {"name": "8_13", "x": 8, "y": 13, "value": "0", "visible": false, "mined": false, "flagged": false, "board": 45}}, {"model": "minesweeper.cell", "pk": 16114, "fields": {"name": "8_14", "x": 8, "y": 14, "value": "0", "visible": false, "mined": false, "flagged": false, "board": 45}}, {"model": "minesweeper.cell", "pk": 16115, "fields": {"name": "8_15", "x": 8, "y": 15, "value": "0", "visible": false, "mined": false, "flagged": false, "board": 45}}, {"model": "minesweeper.cell", "pk": 16116, "fields": {"name": "8_16", "x": 8, "y": 16, "value": "0", "visible": false, "mined": false, "flagged": false, "board": 45}}, {"model": "minesweeper.cell", "pk": 16117, "fields": {"name": "8_17", "x": 8, "y": 17, "value": "0", "visible": false, "mined": false, "flagged": false, "board": 45}}, {"model": "minesweeper.cell", "pk": 16118, "fields": {"name": "8_18", "x": 8, "y": 18, "value": "0", "visible": false, "mined": false, "flagged": false, "board": 45}}, {"model": "minesweeper.cell", "pk": 16119, "fields": {"name": "8_19", "x": 8, "y": 19, "value": "0", "visible": false, "mined": false, "flagged": false, "board": 45}}, {"model": "minesweeper.cell", "pk": 16120, "fields": {"name": "9_0", "x": 9, "y": 0, "value": "0", "visible": false, "mined": false, "flagged": false, "board": 45}}, {"model": "minesweeper.cell", "pk": 16121, "fields": {"name": "9_1", "x": 9, "y": 1, "value": "0", "visible": false, "mined": false, "flagged": false, "board": 45}}, {"model": "minesweeper.cell", "pk": 16122, "fields": {"name": "9_2", "x": 9, "y": 2, "value": "0", "visible": false, "mined": false, "flagged": false, "board": 45}}, {"model": "minesweeper.cell", "pk": 16123, "fields": {"name": "9_3", "x": 9, "y": 3, "value": "0", "visible": false, "mined": false, "flagged": false, "board": 45}}, {"model": "minesweeper.cell", "pk": 16124, "fields": {"name": "9_4", "x": 9, "y": 4, "value": "0", "visible": false, "mined": false, "flagged": false, "board": 45}}, {"model": "minesweeper.cell", "pk": 16125, "fields": {"name": "9_5", "x": 9, "y": 5, "value": "0", "visible": false, "mined": false, "flagged": false, "board": 45}}, {"model": "minesweeper.cell", "pk": 16126, "fields": {"name": "9_6", "x": 9, "y": 6, "value": "0", "visible": false, "mined": false, "flagged": false, "board": 45}}, {"model": "minesweeper.cell", "pk": 16127, "fields": {"name": "9_7", "x": 9, "y": 7, "value": "0", "visible": false, "mined": false, "flagged": false, "board": 45}}, {"model": "minesweeper.cell", "pk": 16128, "fields": {"name": "9_8", "x": 9, "y": 8, "value": "0", "visible": false, "mined": false, "flagged": false, "board": 45}}, {"model": "minesweeper.cell", "pk": 16129, "fields": {"name": "9_9", "x": 9, "y": 9, "value": "0", "visible": false, "mined": false, "flagged": false, "board": 45}}, {"model": "minesweeper.cell", "pk": 16130, "fields": {"name": "9_10", "x": 9, "y": 10, "value": "0", "visible": false, "mined": false, "flagged": false, "board": 45}}, {"model": "minesweeper.cell", "pk": 16131, "fields": {"name": "9_11", "x": 9, "y": 11, "value": "0", "visible": false, "mined": false, "flagged": false, "board": 45}}, {"model": "minesweeper.cell", "pk": 16132, "fields": {"name": "9_12", "x": 9, "y": 12, "value": "1", "visible": false, "mined": false, "flagged": false, "board": 45}}, {"model": "minesweeper.cell", "pk": 16133, "fields": {"name": "9_13", "x": 9, "y": 13, "value": "1", "visible": false, "mined": false, "flagged": false, "board": 45}}, {"model": "minesweeper.cell", "pk": 16134, "fields": {"name": "9_14", "x": 9, "y": 14, "value": "1", "visible": false, "mined": false, "flagged": false, "board": 45}}, {"model": "minesweeper.cell", "pk": 16135, "fields": {"name": "9_15", "x": 9, "y": 15, "value": "0", "visible": false, "mined": false, "flagged": false, "board": 45}}, {"model": "minesweeper.cell", "pk": 16136, "fields": {"name": "9_16", "x": 9, "y": 16, "value": "0", "visible": false, "mined": false, "flagged": false, "board": 45}}, {"model": "minesweeper.cell", "pk": 16137, "fields": {"name": "9_17", "x": 9, "y": 17, "value": "0", "visible": false, "mined": false, "flagged": false, "board": 45}}, {"model": "minesweeper.cell", "pk": 16138, "fields": {"name": "9_18", "x": 9, "y": 18, "value": "0", "visible": false, "mined": false, "flagged": false, "board": 45}}, {"model": "minesweeper.cell", "pk": 16139, "fields": {"name": "9_19", "x": 9, "y": 19, "value": "0", "visible": false, "mined": false, "flagged": false, "board": 45}}, {"model": "minesweeper.cell", "pk": 16140, "fields": {"name": "10_0", "x": 10, "y": 0, "value": "0", "visible": false, "mined": false, "flagged": false, "board": 45}}, {"model": "minesweeper.cell", "pk": 16141, "fields": {"name": "10_1", "x": 10, "y": 1, "value": "0", "visible": false, "mined": false, "flagged": false, "board": 45}}, {"model": "minesweeper.cell", "pk": 16142, "fields": {"name": "10_2", "x": 10, "y": 2, "value": "0", "visible": false, "mined": false, "flagged": false, "board": 45}}, {"model": "minesweeper.cell", "pk": 16143, "fields": {"name": "10_3", "x": 10, "y": 3, "value": "0", "visible": false, "mined": false, "flagged": false, "board": 45}}, {"model": "minesweeper.cell", "pk": 16144, "fields": {"name": "10_4", "x": 10, "y": 4, "value": "0", "visible": false, "mined": false, "flagged": false, "board": 45}}, {"model": "minesweeper.cell", "pk": 16145, "fields": {"name": "10_5", "x": 10, "y": 5, "value": "0", "visible": false, "mined": false, "flagged": false, "board": 45}}, {"model": "minesweeper.cell", "pk": 16146, "fields": {"name": "10_6", "x": 10, "y": 6, "value": "0", "visible": false, "mined": false, "flagged": false, "board": 45}}, {"model": "minesweeper.cell", "pk": 16147, "fields": {"name": "10_7", "x": 10, "y": 7, "value": "0", "visible": false, "mined": false, "flagged": false, "board": 45}}, {"model": "minesweeper.cell", "pk": 16148, "fields": {"name": "10_8", "x": 10, "y": 8, "value": "0", "visible": false, "mined": false, "flagged": false, "board": 45}}, {"model": "minesweeper.cell", "pk": 16149, "fields": {"name": "10_9", "x": 10, "y": 9, "value": "0", "visible": false, "mined": false, "flagged": false, "board": 45}}, {"model": "minesweeper.cell", "pk": 16150, "fields": {"name": "10_10", "x": 10, "y": 10, "value": "0", "visible": false, "mined": false, "flagged": false, "board": 45}}, {"model": "minesweeper.cell", "pk": 16151, "fields": {"name": "10_11", "x": 10, "y": 11, "value": "0", "visible": false, "mined": false, "flagged": false, "board": 45}}, {"model": "minesweeper.cell", "pk": 16152, "fields": {"name": "10_12", "x": 10, "y": 12, "value": "1", "visible": false, "mined": false, "flagged": false, "board": 45}}, {"model": "minesweeper.cell", "pk": 16153, "fields": {"name": "10_13", "x": 10, "y": 13, "value": "-1", "visible": false, "mined": true, "flagged": false, "board": 45}}, {"model": "minesweeper.cell", "pk": 16154, "fields": {"name": "10_14", "x": 10, "y": 14, "value": "0", "visible": false, "mined": false, "flagged": false, "board": 45}}, {"model": "minesweeper.cell", "pk": 16155, "fields": {"name": "10_15", "x": 10, "y": 15, "value": "0", "visible": false, "mined": false, "flagged": false, "board": 45}}, {"model": "minesweeper.cell", "pk": 16156, "fields": {"name": "10_16", "x": 10, "y": 16, "value": "0", "visible": false, "mined": false, "flagged": false, "board": 45}}, {"model": "minesweeper.cell", "pk": 16157, "fields": {"name": "10_17", "x": 10, "y": 17, "value": "0", "visible": false, "mined": false, "flagged": false, "board": 45}}, {"model": "minesweeper.cell", "pk": 16158, "fields": {"name": "10_18", "x": 10, "y": 18, "value": "0", "visible": false, "mined": false, "flagged": false, "board": 45}}, {"model": "minesweeper.cell", "pk": 16159, "fields": {"name": "10_19", "x": 10, "y": 19, "value": "0", "visible": false, "mined": false, "flagged": false, "board": 45}}, {"model": "minesweeper.cell", "pk": 16160, "fields": {"name": "11_0", "x": 11, "y": 0, "value": "0", "visible": false, "mined": false, "flagged": false, "board": 45}}, {"model": "minesweeper.cell", "pk": 16161, "fields": {"name": "11_1", "x": 11, "y": 1, "value": "0", "visible": false, "mined": false, "flagged": false, "board": 45}}, {"model": "minesweeper.cell", "pk": 16162, "fields": {"name": "11_2", "x": 11, "y": 2, "value": "0", "visible": false, "mined": false, "flagged": false, "board": 45}}, {"model": "minesweeper.cell", "pk": 16163, "fields": {"name": "11_3", "x": 11, "y": 3, "value": "0", "visible": false, "mined": false, "flagged": false, "board": 45}}, {"model": "minesweeper.cell", "pk": 16164, "fields": {"name": "11_4", "x": 11, "y": 4, "value": "0", "visible": false, "mined": false, "flagged": false, "board": 45}}, {"model": "minesweeper.cell", "pk": 16165, "fields": {"name": "11_5", "x": 11, "y": 5, "value": "0", "visible": false, "mined": false, "flagged": false, "board": 45}}, {"model": "minesweeper.cell", "pk": 16166, "fields": {"name": "11_6", "x": 11, "y": 6, "value": "0", "visible": false, "mined": false, "flagged": false, "board": 45}}, {"model": "minesweeper.cell", "pk": 16167, "fields": {"name": "11_7", "x": 11, "y": 7, "value": "0", "visible": false, "mined": false, "flagged": false, "board": 45}}, {"model": "minesweeper.cell", "pk": 16168, "fields": {"name": "11_8", "x": 11, "y": 8, "value": "0", "visible": false, "mined": false, "flagged": false, "board": 45}}, {"model": "minesweeper.cell", "pk": 16169, "fields": {"name": "11_9", "x": 11, "y": 9, "value": "0", "visible": false, "mined": false, "flagged": false, "board": 45}}, {"model": "minesweeper.cell", "pk": 16170, "fields": {"name": "11_10", "x": 11, "y": 10, "value": "0", "visible": false, "mined": false, "flagged": false, "board": 45}}, {"model": "minesweeper.cell", "pk": 16171, "fields": {"name": "11_11", "x": 11, "y": 11, "value": "0", "visible": false, "mined": false, "flagged": false, "board": 45}}, {"model": "minesweeper.cell", "pk": 16172, "fields": {"name": "11_12", "x": 11, "y": 12, "value": "1", "visible": false, "mined": false, "flagged": false, "board": 45}}, {"model": "minesweeper.cell", "pk": 16173, "fields": {"name": "11_13", "x": 11, "y": 13, "value": "1", "visible": false, "mined": false, "flagged": false, "board": 45}}, {"model": "minesweeper.cell", "pk": 16174, "fields": {"name": "11_14", "x": 11, "y": 14, "value": "1", "visible": false, "mined": false, "flagged": false, "board": 45}}, {"model": "minesweeper.cell", "pk": 16175, "fields": {"name": "11_15", "x": 11, "y": 15, "value": "0", "visible": false, "mined": false, "flagged": false, "board": 45}}, {"model": "minesweeper.cell", "pk": 16176, "fields": {"name": "11_16", "x": 11, "y": 16, "value": "0", "visible": false, "mined": false, "flagged": false, "board": 45}}, {"model": "minesweeper.cell", "pk": 16177, "fields": {"name": "11_17", "x": 11, "y": 17, "value": "0", "visible": false, "mined": false, "flagged": false, "board": 45}}, {"model": "minesweeper.cell", "pk": 16178, "fields": {"name": "11_18", "x": 11, "y": 18, "value": "0", "visible": false, "mined": false, "flagged": false, "board": 45}}, {"model": "minesweeper.cell", "pk": 16179, "fields": {"name": "11_19", "x": 11, "y": 19, "value": "0", "visible": false, "mined": false, "flagged": false, "board": 45}}, {"model": "minesweeper.cell", "pk": 16180, "fields": {"name": "12_0", "x": 12, "y": 0, "value": "0", "visible": false, "mined": false, "flagged": false, "board": 45}}, {"model": "minesweeper.cell", "pk": 16181, "fields": {"name": "12_1", "x": 12, "y": 1, "value": "0", "visible": false, "mined": false, "flagged": false, "board": 45}}, {"model": "minesweeper.cell", "pk": 16182, "fields": {"name": "12_2", "x": 12, "y": 2, "value": "0", "visible": false, "mined": false, "flagged": false, "board": 45}}, {"model": "minesweeper.cell", "pk": 16183, "fields": {"name": "12_3", "x": 12, "y": 3, "value": "0", "visible": false, "mined": false, "flagged": false, "board": 45}}, {"model": "minesweeper.cell", "pk": 16184, "fields": {"name": "12_4", "x": 12, "y": 4, "value": "0", "visible": false, "mined": false, "flagged": false, "board": 45}}, {"model": "minesweeper.cell", "pk": 16185, "fields": {"name": "12_5", "x": 12, "y": 5, "value": "0", "visible": false, "mined": false, "flagged": false, "board": 45}}, {"model": "minesweeper.cell", "pk": 16186, "fields": {"name": "12_6", "x": 12, "y": 6, "value": "0", "visible": false, "mined": false, "flagged": false, "board": 45}}, {"model": "minesweeper.cell", "pk": 16187, "fields": {"name": "12_7", "x": 12, "y": 7, "value": "0", "visible": false, "mined": false, "flagged": false, "board": 45}}, {"model": "minesweeper.cell", "pk": 16188, "fields": {"name": "12_8", "x": 12, "y": 8, "value": "0", "visible": false, "mined": false, "flagged": false, "board": 45}}, {"model": "minesweeper.cell", "pk": 16189, "fields": {"name": "12_9", "x": 12, "y": 9, "value": "0", "visible": false, "mined": false, "flagged": false, "board": 45}}, {"model": "minesweeper.cell", "pk": 16190, "fields": {"name": "12_10", "x": 12, "y": 10, "value": "0", "visible": false, "mined": false, "flagged": false, "board": 45}}, {"model": "minesweeper.cell", "pk": 16191, "fields": {"name": "12_11", "x": 12, "y": 11, "value": "0", "visible": false, "mined": false, "flagged": false, "board": 45}}, {"model": "minesweeper.cell", "pk": 16192, "fields": {"name": "12_12", "x": 12, "y": 12, "value": "0", "visible": false, "mined": false, "flagged": false, "board": 45}}, {"model": "minesweeper.cell", "pk": 16193, "fields": {"name": "12_13", "x": 12, "y": 13, "value": "0", "visible": false, "mined": false, "flagged": false, "board": 45}}, {"model": "minesweeper.cell", "pk": 16194, "fields": {"name": "12_14", "x": 12, "y": 14, "value": "0", "visible": false, "mined": false, "flagged": false, "board": 45}}, {"model": "minesweeper.cell", "pk": 16195, "fields": {"name": "12_15", "x": 12, "y": 15, "value": "0", "visible": false, "mined": false, "flagged": false, "board": 45}}, {"model": "minesweeper.cell", "pk": 16196, "fields": {"name": "12_16", "x": 12, "y": 16, "value": "0", "visible": false, "mined": false, "flagged": false, "board": 45}}, {"model": "minesweeper.cell", "pk": 16197, "fields": {"name": "12_17", "x": 12, "y": 17, "value": "0", "visible": false, "mined": false, "flagged": false, "board": 45}}, {"model": "minesweeper.cell", "pk": 16198, "fields": {"name": "12_18", "x": 12, "y": 18, "value": "0", "visible": false, "mined": false, "flagged": false, "board": 45}}, {"model": "minesweeper.cell", "pk": 16199, "fields": {"name": "12_19", "x": 12, "y": 19, "value": "0", "visible": false, "mined": false, "flagged": false, "board": 45}}, {"model": "minesweeper.cell", "pk": 16200, "fields": {"name": "13_0", "x": 13, "y": 0, "value": "0", "visible": false, "mined": false, "flagged": false, "board": 45}}, {"model": "minesweeper.cell", "pk": 16201, "fields": {"name": "13_1", "x": 13, "y": 1, "value": "0", "visible": false, "mined": false, "flagged": false, "board": 45}}, {"model": "minesweeper.cell", "pk": 16202, "fields": {"name": "13_2", "x": 13, "y": 2, "value": "0", "visible": false, "mined": false, "flagged": false, "board": 45}}, {"model": "minesweeper.cell", "pk": 16203, "fields": {"name": "13_3", "x": 13, "y": 3, "value": "0", "visible": false, "mined": false, "flagged": false, "board": 45}}, {"model": "minesweeper.cell", "pk": 16204, "fields": {"name": "13_4", "x": 13, "y": 4, "value": "0", "visible": false, "mined": false, "flagged": false, "board": 45}}, {"model": "minesweeper.cell", "pk": 16205, "fields": {"name": "13_5", "x": 13, "y": 5, "value": "0", "visible": false, "mined": false, "flagged": false, "board": 45}}, {"model": "minesweeper.cell", "pk": 16206, "fields": {"name": "13_6", "x": 13, "y": 6, "value": "0", "visible": false, "mined": false, "flagged": false, "board": 45}}, {"model": "minesweeper.cell", "pk": 16207, "fields": {"name": "13_7", "x": 13, "y": 7, "value": "0", "visible": false, "mined": false, "flagged": false, "board": 45}}, {"model": "minesweeper.cell", "pk": 16208, "fields": {"name": "13_8", "x": 13, "y": 8, "value": "0", "visible": false, "mined": false, "flagged": false, "board": 45}}, {"model": "minesweeper.cell", "pk": 16209, "fields": {"name": "13_9", "x": 13, "y": 9, "value": "0", "visible": false, "mined": false, "flagged": false, "board": 45}}, {"model": "minesweeper.cell", "pk": 16210, "fields": {"name": "13_10", "x": 13, "y": 10, "value": "0", "visible": false, "mined": false, "flagged": false, "board": 45}}, {"model": "minesweeper.cell", "pk": 16211, "fields": {"name": "13_11", "x": 13, "y": 11, "value": "0", "visible": false, "mined": false, "flagged": false, "board": 45}}, {"model": "minesweeper.cell", "pk": 16212, "fields": {"name": "13_12", "x": 13, "y": 12, "value": "0", "visible": false, "mined": false, "flagged": false, "board": 45}}, {"model": "minesweeper.cell", "pk": 16213, "fields": {"name": "13_13", "x": 13, "y": 13, "value": "0", "visible": false, "mined": false, "flagged": false, "board": 45}}, {"model": "minesweeper.cell", "pk": 16214, "fields": {"name": "13_14", "x": 13, "y": 14, "value": "0", "visible": false, "mined": false, "flagged": false, "board": 45}}, {"model": "minesweeper.cell", "pk": 16215, "fields": {"name": "13_15", "x": 13, "y": 15, "value": "0", "visible": false, "mined": false, "flagged": false, "board": 45}}, {"model": "minesweeper.cell", "pk": 16216, "fields": {"name": "13_16", "x": 13, "y": 16, "value": "0", "visible": false, "mined": false, "flagged": false, "board": 45}}, {"model": "minesweeper.cell", "pk": 16217, "fields": {"name": "13_17", "x": 13, "y": 17, "value": "0", "visible": false, "mined": false, "flagged": false, "board": 45}}, {"model": "minesweeper.cell", "pk": 16218, "fields": {"name": "13_18", "x": 13, "y": 18, "value": "0", "visible": false, "mined": false, "flagged": false, "board": 45}}, {"model": "minesweeper.cell", "pk": 16219, "fields": {"name": "13_19", "x": 13, "y": 19, "value": "0", "visible": false, "mined": false, "flagged": false, "board": 45}}, {"model": "minesweeper.cell", "pk": 16220, "fields": {"name": "14_0", "x": 14, "y": 0, "value": "0", "visible": false, "mined": false, "flagged": false, "board": 45}}, {"model": "minesweeper.cell", "pk": 16221, "fields": {"name": "14_1", "x": 14, "y": 1, "value": "0", "visible": false, "mined": false, "flagged": false, "board": 45}}, {"model": "minesweeper.cell", "pk": 16222, "fields": {"name": "14_2", "x": 14, "y": 2, "value": "0", "visible": false, "mined": false, "flagged": false, "board": 45}}, {"model": "minesweeper.cell", "pk": 16223, "fields": {"name": "14_3", "x": 14, "y": 3, "value": "0", "visible": false, "mined": false, "flagged": false, "board": 45}}, {"model": "minesweeper.cell", "pk": 16224, "fields": {"name": "14_4", "x": 14, "y": 4, "value": "0", "visible": false, "mined": false, "flagged": false, "board": 45}}, {"model": "minesweeper.cell", "pk": 16225, "fields": {"name": "14_5", "x": 14, "y": 5, "value": "0", "visible": false, "mined": false, "flagged": false, "board": 45}}, {"model": "minesweeper.cell", "pk": 16226, "fields": {"name": "14_6", "x": 14, "y": 6, "value": "0", "visible": false, "mined": false, "flagged": false, "board": 45}}, {"model": "minesweeper.cell", "pk": 16227, "fields": {"name": "14_7", "x": 14, "y": 7, "value": "0", "visible": false, "mined": false, "flagged": false, "board": 45}}, {"model": "minesweeper.cell", "pk": 16228, "fields": {"name": "14_8", "x": 14, "y": 8, "value": "0", "visible": false, "mined": false, "flagged": false, "board": 45}}, {"model": "minesweeper.cell", "pk": 16229, "fields": {"name": "14_9", "x": 14, "y": 9, "value": "0", "visible": false, "mined": false, "flagged": false, "board": 45}}, {"model": "minesweeper.cell", "pk": 16230, "fields": {"name": "14_10", "x": 14, "y": 10, "value": "0", "visible": false, "mined": false, "flagged": false, "board": 45}}, {"model": "minesweeper.cell", "pk": 16231, "fields": {"name": "14_11", "x": 14, "y": 11, "value": "0", "visible": false, "mined": false, "flagged": false, "board": 45}}, {"model": "minesweeper.cell", "pk": 16232, "fields": {"name": "14_12", "x": 14, "y": 12, "value": "0", "visible": false, "mined": false, "flagged": false, "board": 45}}, {"model": "minesweeper.cell", "pk": 16233, "fields": {"name": "14_13", "x": 14, "y": 13, "value": "0", "visible": false, "mined": false, "flagged": false, "board": 45}}, {"model": "minesweeper.cell", "pk": 16234, "fields": {"name": "14_14", "x": 14, "y": 14, "value": "0", "visible": false, "mined": false, "flagged": false, "board": 45}}, {"model": "minesweeper.cell", "pk": 16235, "fields": {"name": "14_15", "x": 14, "y": 15, "value": "0", "visible": false, "mined": false, "flagged": false, "board": 45}}, {"model": "minesweeper.cell", "pk": 16236, "fields": {"name": "14_16", "x": 14, "y": 16, "value": "0", "visible": false, "mined": false, "flagged": false, "board": 45}}, {"model": "minesweeper.cell", "pk": 16237, "fields": {"name": "14_17", "x": 14, "y": 17, "value": "0", "visible": false, "mined": false, "flagged": false, "board": 45}}, {"model": "minesweeper.cell", "pk": 16238, "fields": {"name": "14_18", "x": 14, "y": 18, "value": "0", "visible": false, "mined": false, "flagged": false, "board": 45}}, {"model": "minesweeper.cell", "pk": 16239, "fields": {"name": "14_19", "x": 14, "y": 19, "value": "0", "visible": false, "mined": false, "flagged": false, "board": 45}}, {"model": "minesweeper.cell", "pk": 16240, "fields": {"name": "15_0", "x": 15, "y": 0, "value": "0", "visible": false, "mined": false, "flagged": false, "board": 45}}, {"model": "minesweeper.cell", "pk": 16241, "fields": {"name": "15_1", "x": 15, "y": 1, "value": "0", "visible": false, "mined": false, "flagged": false, "board": 45}}, {"model": "minesweeper.cell", "pk": 16242, "fields": {"name": "15_2", "x": 15, "y": 2, "value": "0", "visible": false, "mined": false, "flagged": false, "board": 45}}, {"model": "minesweeper.cell", "pk": 16243, "fields": {"name": "15_3", "x": 15, "y": 3, "value": "0", "visible": false, "mined": false, "flagged": false, "board": 45}}, {"model": "minesweeper.cell", "pk": 16244, "fields": {"name": "15_4", "x": 15, "y": 4, "value": "0", "visible": false, "mined": false, "flagged": false, "board": 45}}, {"model": "minesweeper.cell", "pk": 16245, "fields": {"name": "15_5", "x": 15, "y": 5, "value": "0", "visible": false, "mined": false, "flagged": false, "board": 45}}, {"model": "minesweeper.cell", "pk": 16246, "fields": {"name": "15_6", "x": 15, "y": 6, "value": "0", "visible": false, "mined": false, "flagged": false, "board": 45}}, {"model": "minesweeper.cell", "pk": 16247, "fields": {"name": "15_7", "x": 15, "y": 7, "value": "0", "visible": false, "mined": false, "flagged": false, "board": 45}}, {"model": "minesweeper.cell", "pk": 16248, "fields": {"name": "15_8", "x": 15, "y": 8, "value": "0", "visible": false, "mined": false, "flagged": false, "board": 45}}, {"model": "minesweeper.cell", "pk": 16249, "fields": {"name": "15_9", "x": 15, "y": 9, "value": "0", "visible": false, "mined": false, "flagged": false, "board": 45}}, {"model": "minesweeper.cell", "pk": 16250, "fields": {"name": "15_10", "x": 15, "y": 10, "value": "0", "visible": false, "mined": false, "flagged": false, "board": 45}}, {"model": "minesweeper.cell", "pk": 16251, "fields": {"name": "15_11", "x": 15, "y": 11, "value": "0", "visible": false, "mined": false, "flagged": false, "board": 45}}, {"model": "minesweeper.cell", "pk": 16252, "fields": {"name": "15_12", "x": 15, "y": 12, "value": "0", "visible": false, "mined": false, "flagged": false, "board": 45}}, {"model": "minesweeper.cell", "pk": 16253, "fields": {"name": "15_13", "x": 15, "y": 13, "value": "0", "visible": false, "mined": false, "flagged": false, "board": 45}}, {"model": "minesweeper.cell", "pk": 16254, "fields": {"name": "15_14", "x": 15, "y": 14, "value": "0", "visible": false, "mined": false, "flagged": false, "board": 45}}, {"model": "minesweeper.cell", "pk": 16255, "fields": {"name": "15_15", "x": 15, "y": 15, "value": "0", "visible": false, "mined": false, "flagged": false, "board": 45}}, {"model": "minesweeper.cell", "pk": 16256, "fields": {"name": "15_16", "x": 15, "y": 16, "value": "0", "visible": false, "mined": false, "flagged": false, "board": 45}}, {"model": "minesweeper.cell", "pk": 16257, "fields": {"name": "15_17", "x": 15, "y": 17, "value": "0", "visible": false, "mined": false, "flagged": false, "board": 45}}, {"model": "minesweeper.cell", "pk": 16258, "fields": {"name": "15_18", "x": 15, "y": 18, "value": "0", "visible": false, "mined": false, "flagged": false, "board": 45}}, {"model": "minesweeper.cell", "pk": 16259, "fields": {"name": "15_19", "x": 15, "y": 19, "value": "0", "visible": false, "mined": false, "flagged": false, "board": 45}}, {"model": "minesweeper.cell", "pk": 16260, "fields": {"name": "16_0", "x": 16, "y": 0, "value": "0", "visible": false, "mined": false, "flagged": false, "board": 45}}, {"model": "minesweeper.cell", "pk": 16261, "fields": {"name": "16_1", "x": 16, "y": 1, "value": "0", "visible": false, "mined": false, "flagged": false, "board": 45}}, {"model": "minesweeper.cell", "pk": 16262, "fields": {"name": "16_2", "x": 16, "y": 2, "value": "0", "visible": false, "mined": false, "flagged": false, "board": 45}}, {"model": "minesweeper.cell", "pk": 16263, "fields": {"name": "16_3", "x": 16, "y": 3, "value": "0", "visible": false, "mined": false, "flagged": false, "board": 45}}, {"model": "minesweeper.cell", "pk": 16264, "fields": {"name": "16_4", "x": 16, "y": 4, "value": "0", "visible": false, "mined": false, "flagged": false, "board": 45}}, {"model": "minesweeper.cell", "pk": 16265, "fields": {"name": "16_5", "x": 16, "y": 5, "value": "0", "visible": false, "mined": false, "flagged": false, "board": 45}}, {"model": "minesweeper.cell", "pk": 16266, "fields": {"name": "16_6", "x": 16, "y": 6, "value": "0", "visible": false, "mined": false, "flagged": false, "board": 45}}, {"model": "minesweeper.cell", "pk": 16267, "fields": {"name": "16_7", "x": 16, "y": 7, "value": "0", "visible": false, "mined": false, "flagged": false, "board": 45}}, {"model": "minesweeper.cell", "pk": 16268, "fields": {"name": "16_8", "x": 16, "y": 8, "value": "0", "visible": false, "mined": false, "flagged": false, "board": 45}}, {"model": "minesweeper.cell", "pk": 16269, "fields": {"name": "16_9", "x": 16, "y": 9, "value": "0", "visible": false, "mined": false, "flagged": false, "board": 45}}, {"model": "minesweeper.cell", "pk": 16270, "fields": {"name": "16_10", "x": 16, "y": 10, "value": "0", "visible": false, "mined": false, "flagged": false, "board": 45}}, {"model": "minesweeper.cell", "pk": 16271, "fields": {"name": "16_11", "x": 16, "y": 11, "value": "0", "visible": false, "mined": false, "flagged": false, "board": 45}}, {"model": "minesweeper.cell", "pk": 16272, "fields": {"name": "16_12", "x": 16, "y": 12, "value": "0", "visible": false, "mined": false, "flagged": false, "board": 45}}, {"model": "minesweeper.cell", "pk": 16273, "fields": {"name": "16_13", "x": 16, "y": 13, "value": "0", "visible": false, "mined": false, "flagged": false, "board": 45}}, {"model": "minesweeper.cell", "pk": 16274, "fields": {"name": "16_14", "x": 16, "y": 14, "value": "0", "visible": false, "mined": false, "flagged": false, "board": 45}}, {"model": "minesweeper.cell", "pk": 16275, "fields": {"name": "16_15", "x": 16, "y": 15, "value": "0", "visible": false, "mined": false, "flagged": false, "board": 45}}, {"model": "minesweeper.cell", "pk": 16276, "fields": {"name": "16_16", "x": 16, "y": 16, "value": "0", "visible": false, "mined": false, "flagged": false, "board": 45}}, {"model": "minesweeper.cell", "pk": 16277, "fields": {"name": "16_17", "x": 16, "y": 17, "value": "0", "visible": false, "mined": false, "flagged": false, "board": 45}}, {"model": "minesweeper.cell", "pk": 16278, "fields": {"name": "16_18", "x": 16, "y": 18, "value": "0", "visible": false, "mined": false, "flagged": false, "board": 45}}, {"model": "minesweeper.cell", "pk": 16279, "fields": {"name": "16_19", "x": 16, "y": 19, "value": "0", "visible": false, "mined": false, "flagged": false, "board": 45}}, {"model": "minesweeper.cell", "pk": 16280, "fields": {"name": "17_0", "x": 17, "y": 0, "value": "0", "visible": false, "mined": false, "flagged": false, "board": 45}}, {"model": "minesweeper.cell", "pk": 16281, "fields": {"name": "17_1", "x": 17, "y": 1, "value": "0", "visible": false, "mined": false, "flagged": false, "board": 45}}, {"model": "minesweeper.cell", "pk": 16282, "fields": {"name": "17_2", "x": 17, "y": 2, "value": "0", "visible": false, "mined": false, "flagged": false, "board": 45}}, {"model": "minesweeper.cell", "pk": 16283, "fields": {"name": "17_3", "x": 17, "y": 3, "value": "0", "visible": false, "mined": false, "flagged": false, "board": 45}}, {"model": "minesweeper.cell", "pk": 16284, "fields": {"name": "17_4", "x": 17, "y": 4, "value": "0", "visible": false, "mined": false, "flagged": false, "board": 45}}, {"model": "minesweeper.cell", "pk": 16285, "fields": {"name": "17_5", "x": 17, "y": 5, "value": "0", "visible": false, "mined": false, "flagged": false, "board": 45}}, {"model": "minesweeper.cell", "pk": 16286, "fields": {"name": "17_6", "x": 17, "y": 6, "value": "0", "visible": false, "mined": false, "flagged": false, "board": 45}}, {"model": "minesweeper.cell", "pk": 16287, "fields": {"name": "17_7", "x": 17, "y": 7, "value": "0", "visible": false, "mined": false, "flagged": false, "board": 45}}, {"model": "minesweeper.cell", "pk": 16288, "fields": {"name": "17_8", "x": 17, "y": 8, "value": "0", "visible": false, "mined": false, "flagged": false, "board": 45}}, {"model": "minesweeper.cell", "pk": 16289, "fields": {"name": "17_9", "x": 17, "y": 9, "value": "0", "visible": false, "mined": false, "flagged": false, "board": 45}}, {"model": "minesweeper.cell", "pk": 16290, "fields": {"name": "17_10", "x": 17, "y": 10, "value": "0", "visible": false, "mined": false, "flagged": false, "board": 45}}, {"model": "minesweeper.cell", "pk": 16291, "fields": {"name": "17_11", "x": 17, "y": 11, "value": "0", "visible": false, "mined": false, "flagged": false, "board": 45}}, {"model": "minesweeper.cell", "pk": 16292, "fields": {"name": "17_12", "x": 17, "y": 12, "value": "0", "visible": false, "mined": false, "flagged": false, "board": 45}}, {"model": "minesweeper.cell", "pk": 16293, "fields": {"name": "17_13", "x": 17, "y": 13, "value": "0", "visible": false, "mined": false, "flagged": false, "board": 45}}, {"model": "minesweeper.cell", "pk": 16294, "fields": {"name": "17_14", "x": 17, "y": 14, "value": "0", "visible": false, "mined": false, "flagged": false, "board": 45}}, {"model": "minesweeper.cell", "pk": 16295, "fields": {"name": "17_15", "x": 17, "y": 15, "value": "0", "visible": false, "mined": false, "flagged": false, "board": 45}}, {"model": "minesweeper.cell", "pk": 16296, "fields": {"name": "17_16", "x": 17, "y": 16, "value": "0", "visible": false, "mined": false, "flagged": false, "board": 45}}, {"model": "minesweeper.cell", "pk": 16297, "fields": {"name": "17_17", "x": 17, "y": 17, "value": "0", "visible": false, "mined": false, "flagged": false, "board": 45}}, {"model": "minesweeper.cell", "pk": 16298, "fields": {"name": "17_18", "x": 17, "y": 18, "value": "0", "visible": false, "mined": false, "flagged": false, "board": 45}}, {"model": "minesweeper.cell", "pk": 16299, "fields": {"name": "17_19", "x": 17, "y": 19, "value": "0", "visible": false, "mined": false, "flagged": false, "board": 45}}, {"model": "minesweeper.cell", "pk": 16300, "fields": {"name": "18_0", "x": 18, "y": 0, "value": "0", "visible": false, "mined": false, "flagged": false, "board": 45}}, {"model": "minesweeper.cell", "pk": 16301, "fields": {"name": "18_1", "x": 18, "y": 1, "value": "0", "visible": false, "mined": false, "flagged": false, "board": 45}}, {"model": "minesweeper.cell", "pk": 16302, "fields": {"name": "18_2", "x": 18, "y": 2, "value": "0", "visible": false, "mined": false, "flagged": false, "board": 45}}, {"model": "minesweeper.cell", "pk": 16303, "fields": {"name": "18_3", "x": 18, "y": 3, "value": "0", "visible": false, "mined": false, "flagged": false, "board": 45}}, {"model": "minesweeper.cell", "pk": 16304, "fields": {"name": "18_4", "x": 18, "y": 4, "value": "0", "visible": false, "mined": false, "flagged": false, "board": 45}}, {"model": "minesweeper.cell", "pk": 16305, "fields": {"name": "18_5", "x": 18, "y": 5, "value": "0", "visible": false, "mined": false, "flagged": false, "board": 45}}, {"model": "minesweeper.cell", "pk": 16306, "fields": {"name": "18_6", "x": 18, "y": 6, "value": "0", "visible": false, "mined": false, "flagged": false, "board": 45}}, {"model": "minesweeper.cell", "pk": 16307, "fields": {"name": "18_7", "x": 18, "y": 7, "value": "0", "visible": false, "mined": false, "flagged": false, "board": 45}}, {"model": "minesweeper.cell", "pk": 16308, "fields": {"name": "18_8", "x": 18, "y": 8, "value": "0", "visible": false, "mined": false, "flagged": false, "board": 45}}, {"model": "minesweeper.cell", "pk": 16309, "fields": {"name": "18_9", "x": 18, "y": 9, "value": "0", "visible": false, "mined": false, "flagged": false, "board": 45}}, {"model": "minesweeper.cell", "pk": 16310, "fields": {"name": "18_10", "x": 18, "y": 10, "value": "0", "visible": false, "mined": false, "flagged": false, "board": 45}}, {"model": "minesweeper.cell", "pk": 16311, "fields": {"name": "18_11", "x": 18, "y": 11, "value": "0", "visible": false, "mined": false, "flagged": false, "board": 45}}, {"model": "minesweeper.cell", "pk": 16312, "fields": {"name": "18_12", "x": 18, "y": 12, "value": "0", "visible": false, "mined": false, "flagged": false, "board": 45}}, {"model": "minesweeper.cell", "pk": 16313, "fields": {"name": "18_13", "x": 18, "y": 13, "value": "0", "visible": false, "mined": false, "flagged": false, "board": 45}}, {"model": "minesweeper.cell", "pk": 16314, "fields": {"name": "18_14", "x": 18, "y": 14, "value": "0", "visible": false, "mined": false, "flagged": false, "board": 45}}, {"model": "minesweeper.cell", "pk": 16315, "fields": {"name": "18_15", "x": 18, "y": 15, "value": "0", "visible": false, "mined": false, "flagged": false, "board": 45}}, {"model": "minesweeper.cell", "pk": 16316, "fields": {"name": "18_16", "x": 18, "y": 16, "value": "0", "visible": false, "mined": false, "flagged": false, "board": 45}}, {"model": "minesweeper.cell", "pk": 16317, "fields": {"name": "18_17", "x": 18, "y": 17, "value": "0", "visible": false, "mined": false, "flagged": false, "board": 45}}, {"model": "minesweeper.cell", "pk": 16318, "fields": {"name": "18_18", "x": 18, "y": 18, "value": "0", "visible": false, "mined": false, "flagged": false, "board": 45}}, {"model": "minesweeper.cell", "pk": 16319, "fields": {"name": "18_19", "x": 18, "y": 19, "value": "0", "visible": false, "mined": false, "flagged": false, "board": 45}}, {"model": "minesweeper.cell", "pk": 16320, "fields": {"name": "19_0", "x": 19, "y": 0, "value": "0", "visible": false, "mined": false, "flagged": false, "board": 45}}, {"model": "minesweeper.cell", "pk": 16321, "fields": {"name": "19_1", "x": 19, "y": 1, "value": "0", "visible": false, "mined": false, "flagged": false, "board": 45}}, {"model": "minesweeper.cell", "pk": 16322, "fields": {"name": "19_2", "x": 19, "y": 2, "value": "0", "visible": false, "mined": false, "flagged": false, "board": 45}}, {"model": "minesweeper.cell", "pk": 16323, "fields": {"name": "19_3", "x": 19, "y": 3, "value": "0", "visible": false, "mined": false, "flagged": false, "board": 45}}, {"model": "minesweeper.cell", "pk": 16324, "fields": {"name": "19_4", "x": 19, "y": 4, "value": "0", "visible": false, "mined": false, "flagged": false, "board": 45}}, {"model": "minesweeper.cell", "pk": 16325, "fields": {"name": "19_5", "x": 19, "y": 5, "value": "0", "visible": false, "mined": false, "flagged": false, "board": 45}}, {"model": "minesweeper.cell", "pk": 16326, "fields": {"name": "19_6", "x": 19, "y": 6, "value": "0", "visible": false, "mined": false, "flagged": false, "board": 45}}, {"model": "minesweeper.cell", "pk": 16327, "fields": {"name": "19_7", "x": 19, "y": 7, "value": "0", "visible": false, "mined": false, "flagged": false, "board": 45}}, {"model": "minesweeper.cell", "pk": 16328, "fields": {"name": "19_8", "x": 19, "y": 8, "value": "0", "visible": false, "mined": false, "flagged": false, "board": 45}}, {"model": "minesweeper.cell", "pk": 16329, "fields": {"name": "19_9", "x": 19, "y": 9, "value": "0", "visible": false, "mined": false, "flagged": false, "board": 45}}, {"model": "minesweeper.cell", "pk": 16330, "fields": {"name": "19_10", "x": 19, "y": 10, "value": "0", "visible": false, "mined": false, "flagged": false, "board": 45}}, {"model": "minesweeper.cell", "pk": 16331, "fields": {"name": "19_11", "x": 19, "y": 11, "value": "0", "visible": false, "mined": false, "flagged": false, "board": 45}}, {"model": "minesweeper.cell", "pk": 16332, "fields": {"name": "19_12", "x": 19, "y": 12, "value": "0", "visible": false, "mined": false, "flagged": false, "board": 45}}, {"model": "minesweeper.cell", "pk": 16333, "fields": {"name": "19_13", "x": 19, "y": 13, "value": "0", "visible": false, "mined": false, "flagged": false, "board": 45}}, {"model": "minesweeper.cell", "pk": 16334, "fields": {"name": "19_14", "x": 19, "y": 14, "value": "0", "visible": false, "mined": false, "flagged": false, "board": 45}}, {"model": "minesweeper.cell", "pk": 16335, "fields": {"name": "19_15", "x": 19, "y": 15, "value": "0", "visible": false, "mined": false, "flagged": false, "board": 45}}, {"model": "minesweeper.cell", "pk": 16336, "fields": {"name": "19_16", "x": 19, "y": 16, "value": "0", "visible": false, "mined": false, "flagged": false, "board": 45}}, {"model": "minesweeper.cell", "pk": 16337, "fields": {"name": "19_17", "x": 19, "y": 17, "value": "0", "visible": false, "mined": false, "flagged": false, "board": 45}}, {"model": "minesweeper.cell", "pk": 16338, "fields": {"name": "19_18", "x": 19, "y": 18, "value": "0", "visible": false, "mined": false, "flagged": false, "board": 45}}, {"model": "minesweeper.cell", "pk": 16339, "fields": {"name": "19_19", "x": 19, "y": 19, "value": "0", "visible": false, "mined": false, "flagged": false, "board": 45}}, {"model": "minesweeper.cell", "pk": 16340, "fields": {"name": "0_0", "x": 0, "y": 0, "value": "1", "visible": false, "mined": false, "flagged": false, "board": 35}}, {"model": "minesweeper.cell", "pk": 16341, "fields": {"name": "0_1", "x": 0, "y": 1, "value": "1", "visible": false, "mined": false, "flagged": false, "board": 35}}, {"model": "minesweeper.cell", "pk": 16342, "fields": {"name": "0_2", "x": 0, "y": 2, "value": "0", "visible": false, "mined": false, "flagged": false, "board": 35}}, {"model": "minesweeper.cell", "pk": 16343, "fields": {"name": "0_3", "x": 0, "y": 3, "value": "0", "visible": false, "mined": false, "flagged": false, "board": 35}}, {"model": "minesweeper.cell", "pk": 16344, "fields": {"name": "0_4", "x": 0, "y": 4, "value": "0", "visible": false, "mined": false, "flagged": false, "board": 35}}, {"model": "minesweeper.cell", "pk": 16345, "fields": {"name": "0_5", "x": 0, "y": 5, "value": "0", "visible": false, "mined": false, "flagged": false, "board": 35}}, {"model": "minesweeper.cell", "pk": 16346, "fields": {"name": "0_6", "x": 0, "y": 6, "value": "0", "visible": false, "mined": false, "flagged": false, "board": 35}}, {"model": "minesweeper.cell", "pk": 16347, "fields": {"name": "0_7", "x": 0, "y": 7, "value": "0", "visible": false, "mined": false, "flagged": false, "board": 35}}, {"model": "minesweeper.cell", "pk": 16348, "fields": {"name": "0_8", "x": 0, "y": 8, "value": "0", "visible": false, "mined": false, "flagged": false, "board": 35}}, {"model": "minesweeper.cell", "pk": 16349, "fields": {"name": "0_9", "x": 0, "y": 9, "value": "0", "visible": false, "mined": false, "flagged": false, "board": 35}}, {"model": "minesweeper.cell", "pk": 16350, "fields": {"name": "1_0", "x": 1, "y": 0, "value": "-1", "visible": false, "mined": true, "flagged": false, "board": 35}}, {"model": "minesweeper.cell", "pk": 16351, "fields": {"name": "1_1", "x": 1, "y": 1, "value": "0", "visible": false, "mined": false, "flagged": false, "board": 35}}, {"model": "minesweeper.cell", "pk": 16352, "fields": {"name": "1_2", "x": 1, "y": 2, "value": "0", "visible": false, "mined": false, "flagged": false, "board": 35}}, {"model": "minesweeper.cell", "pk": 16353, "fields": {"name": "1_3", "x": 1, "y": 3, "value": "0", "visible": false, "mined": false, "flagged": false, "board": 35}}, {"model": "minesweeper.cell", "pk": 16354, "fields": {"name": "1_4", "x": 1, "y": 4, "value": "0", "visible": false, "mined": false, "flagged": false, "board": 35}}, {"model": "minesweeper.cell", "pk": 16355, "fields": {"name": "1_5", "x": 1, "y": 5, "value": "0", "visible": false, "mined": false, "flagged": false, "board": 35}}, {"model": "minesweeper.cell", "pk": 16356, "fields": {"name": "1_6", "x": 1, "y": 6, "value": "0", "visible": false, "mined": false, "flagged": false, "board": 35}}, {"model": "minesweeper.cell", "pk": 16357, "fields": {"name": "1_7", "x": 1, "y": 7, "value": "0", "visible": false, "mined": false, "flagged": false, "board": 35}}, {"model": "minesweeper.cell", "pk": 16358, "fields": {"name": "1_8", "x": 1, "y": 8, "value": "0", "visible": false, "mined": false, "flagged": false, "board": 35}}, {"model": "minesweeper.cell", "pk": 16359, "fields": {"name": "1_9", "x": 1, "y": 9, "value": "0", "visible": false, "mined": false, "flagged": false, "board": 35}}, {"model": "minesweeper.cell", "pk": 16360, "fields": {"name": "2_0", "x": 2, "y": 0, "value": "1", "visible": false, "mined": false, "flagged": false, "board": 35}}, {"model": "minesweeper.cell", "pk": 16361, "fields": {"name": "2_1", "x": 2, "y": 1, "value": "1", "visible": false, "mined": false, "flagged": false, "board": 35}}, {"model": "minesweeper.cell", "pk": 16362, "fields": {"name": "2_2", "x": 2, "y": 2, "value": "0", "visible": false, "mined": false, "flagged": false, "board": 35}}, {"model": "minesweeper.cell", "pk": 16363, "fields": {"name": "2_3", "x": 2, "y": 3, "value": "0", "visible": false, "mined": false, "flagged": false, "board": 35}}, {"model": "minesweeper.cell", "pk": 16364, "fields": {"name": "2_4", "x": 2, "y": 4, "value": "0", "visible": false, "mined": false, "flagged": false, "board": 35}}, {"model": "minesweeper.cell", "pk": 16365, "fields": {"name": "2_5", "x": 2, "y": 5, "value": "0", "visible": false, "mined": false, "flagged": false, "board": 35}}, {"model": "minesweeper.cell", "pk": 16366, "fields": {"name": "2_6", "x": 2, "y": 6, "value": "0", "visible": false, "mined": false, "flagged": false, "board": 35}}, {"model": "minesweeper.cell", "pk": 16367, "fields": {"name": "2_7", "x": 2, "y": 7, "value": "0", "visible": false, "mined": false, "flagged": false, "board": 35}}, {"model": "minesweeper.cell", "pk": 16368, "fields": {"name": "2_8", "x": 2, "y": 8, "value": "0", "visible": false, "mined": false, "flagged": false, "board": 35}}, {"model": "minesweeper.cell", "pk": 16369, "fields": {"name": "2_9", "x": 2, "y": 9, "value": "0", "visible": false, "mined": false, "flagged": false, "board": 35}}, {"model": "minesweeper.cell", "pk": 16370, "fields": {"name": "3_0", "x": 3, "y": 0, "value": "0", "visible": false, "mined": false, "flagged": false, "board": 35}}, {"model": "minesweeper.cell", "pk": 16371, "fields": {"name": "3_1", "x": 3, "y": 1, "value": "0", "visible": false, "mined": false, "flagged": false, "board": 35}}, {"model": "minesweeper.cell", "pk": 16372, "fields": {"name": "3_2", "x": 3, "y": 2, "value": "0", "visible": false, "mined": false, "flagged": false, "board": 35}}, {"model": "minesweeper.cell", "pk": 16373, "fields": {"name": "3_3", "x": 3, "y": 3, "value": "0", "visible": false, "mined": false, "flagged": false, "board": 35}}, {"model": "minesweeper.cell", "pk": 16374, "fields": {"name": "3_4", "x": 3, "y": 4, "value": "0", "visible": false, "mined": false, "flagged": false, "board": 35}}, {"model": "minesweeper.cell", "pk": 16375, "fields": {"name": "3_5", "x": 3, "y": 5, "value": "0", "visible": false, "mined": false, "flagged": false, "board": 35}}, {"model": "minesweeper.cell", "pk": 16376, "fields": {"name": "3_6", "x": 3, "y": 6, "value": "0", "visible": false, "mined": false, "flagged": false, "board": 35}}, {"model": "minesweeper.cell", "pk": 16377, "fields": {"name": "3_7", "x": 3, "y": 7, "value": "0", "visible": false, "mined": false, "flagged": false, "board": 35}}, {"model": "minesweeper.cell", "pk": 16378, "fields": {"name": "3_8", "x": 3, "y": 8, "value": "1", "visible": false, "mined": false, "flagged": false, "board": 35}}, {"model": "minesweeper.cell", "pk": 16379, "fields": {"name": "3_9", "x": 3, "y": 9, "value": "1", "visible": false, "mined": false, "flagged": false, "board": 35}}, {"model": "minesweeper.cell", "pk": 16380, "fields": {"name": "4_0", "x": 4, "y": 0, "value": "0", "visible": false, "mined": false, "flagged": false, "board": 35}}, {"model": "minesweeper.cell", "pk": 16381, "fields": {"name": "4_1", "x": 4, "y": 1, "value": "0", "visible": false, "mined": false, "flagged": false, "board": 35}}, {"model": "minesweeper.cell", "pk": 16382, "fields": {"name": "4_2", "x": 4, "y": 2, "value": "1", "visible": false, "mined": false, "flagged": false, "board": 35}}, {"model": "minesweeper.cell", "pk": 16383, "fields": {"name": "4_3", "x": 4, "y": 3, "value": "1", "visible": false, "mined": false, "flagged": false, "board": 35}}, {"model": "minesweeper.cell", "pk": 16384, "fields": {"name": "4_4", "x": 4, "y": 4, "value": "1", "visible": false, "mined": false, "flagged": false, "board": 35}}, {"model": "minesweeper.cell", "pk": 16385, "fields": {"name": "4_5", "x": 4, "y": 5, "value": "0", "visible": false, "mined": false, "flagged": false, "board": 35}}, {"model": "minesweeper.cell", "pk": 16386, "fields": {"name": "4_6", "x": 4, "y": 6, "value": "0", "visible": false, "mined": false, "flagged": false, "board": 35}}, {"model": "minesweeper.cell", "pk": 16387, "fields": {"name": "4_7", "x": 4, "y": 7, "value": "0", "visible": false, "mined": false, "flagged": false, "board": 35}}, {"model": "minesweeper.cell", "pk": 16388, "fields": {"name": "4_8", "x": 4, "y": 8, "value": "1", "visible": false, "mined": false, "flagged": false, "board": 35}}, {"model": "minesweeper.cell", "pk": 16389, "fields": {"name": "4_9", "x": 4, "y": 9, "value": "-1", "visible": false, "mined": true, "flagged": false, "board": 35}}, {"model": "minesweeper.cell", "pk": 16390, "fields": {"name": "5_0", "x": 5, "y": 0, "value": "0", "visible": false, "mined": false, "flagged": false, "board": 35}}, {"model": "minesweeper.cell", "pk": 16391, "fields": {"name": "5_1", "x": 5, "y": 1, "value": "0", "visible": false, "mined": false, "flagged": false, "board": 35}}, {"model": "minesweeper.cell", "pk": 16392, "fields": {"name": "5_2", "x": 5, "y": 2, "value": "1", "visible": false, "mined": false, "flagged": false, "board": 35}}, {"model": "minesweeper.cell", "pk": 16393, "fields": {"name": "5_3", "x": 5, "y": 3, "value": "-1", "visible": false, "mined": true, "flagged": false, "board": 35}}, {"model": "minesweeper.cell", "pk": 16394, "fields": {"name": "5_4", "x": 5, "y": 4, "value": "0", "visible": false, "mined": false, "flagged": false, "board": 35}}, {"model": "minesweeper.cell", "pk": 16395, "fields": {"name": "5_5", "x": 5, "y": 5, "value": "0", "visible": false, "mined": false, "flagged": false, "board": 35}}, {"model": "minesweeper.cell", "pk": 16396, "fields": {"name": "5_6", "x": 5, "y": 6, "value": "0", "visible": false, "mined": false, "flagged": false, "board": 35}}, {"model": "minesweeper.cell", "pk": 16397, "fields": {"name": "5_7", "x": 5, "y": 7, "value": "0", "visible": false, "mined": false, "flagged": false, "board": 35}}, {"model": "minesweeper.cell", "pk": 16398, "fields": {"name": "5_8", "x": 5, "y": 8, "value": "1", "visible": false, "mined": false, "flagged": false, "board": 35}}, {"model": "minesweeper.cell", "pk": 16399, "fields": {"name": "5_9", "x": 5, "y": 9, "value": "1", "visible": false, "mined": false, "flagged": false, "board": 35}}, {"model": "minesweeper.cell", "pk": 16400, "fields": {"name": "6_0", "x": 6, "y": 0, "value": "0", "visible": false, "mined": false, "flagged": false, "board": 35}}, {"model": "minesweeper.cell", "pk": 16401, "fields": {"name": "6_1", "x": 6, "y": 1, "value": "0", "visible": false, "mined": false, "flagged": false, "board": 35}}, {"model": "minesweeper.cell", "pk": 16402, "fields": {"name": "6_2", "x": 6, "y": 2, "value": "1", "visible": false, "mined": false, "flagged": false, "board": 35}}, {"model": "minesweeper.cell", "pk": 16403, "fields": {"name": "6_3", "x": 6, "y": 3, "value": "1", "visible": false, "mined": false, "flagged": false, "board": 35}}, {"model": "minesweeper.cell", "pk": 16404, "fields": {"name": "6_4", "x": 6, "y": 4, "value": "1", "visible": false, "mined": false, "flagged": false, "board": 35}}, {"model": "minesweeper.cell", "pk": 16405, "fields": {"name": "6_5", "x": 6, "y": 5, "value": "0", "visible": false, "mined": false, "flagged": false, "board": 35}}, {"model": "minesweeper.cell", "pk": 16406, "fields": {"name": "6_6", "x": 6, "y": 6, "value": "0", "visible": false, "mined": false, "flagged": false, "board": 35}}, {"model": "minesweeper.cell", "pk": 16407, "fields": {"name": "6_7", "x": 6, "y": 7, "value": "0", "visible": false, "mined": false, "flagged": false, "board": 35}}, {"model": "minesweeper.cell", "pk": 16408, "fields": {"name": "6_8", "x": 6, "y": 8, "value": "0", "visible": false, "mined": false, "flagged": false, "board": 35}}, {"model": "minesweeper.cell", "pk": 16409, "fields": {"name": "6_9", "x": 6, "y": 9, "value": "0", "visible": false, "mined": false, "flagged": false, "board": 35}}, {"model": "minesweeper.cell", "pk": 16410, "fields": {"name": "7_0", "x": 7, "y": 0, "value": "0", "visible": false, "mined": false, "flagged": false, "board": 35}}, {"model": "minesweeper.cell", "pk": 16411, "fields": {"name": "7_1", "x": 7, "y": 1, "value": "0", "visible": false, "mined": false, "flagged": false, "board": 35}}, {"model": "minesweeper.cell", "pk": 16412, "fields": {"name": "7_2", "x": 7, "y": 2, "value": "0", "visible": false, "mined": false, "flagged": false, "board": 35}}, {"model": "minesweeper.cell", "pk": 16413, "fields": {"name": "7_3", "x": 7, "y": 3, "value": "0", "visible": false, "mined": false, "flagged": false, "board": 35}}, {"model": "minesweeper.cell", "pk": 16414, "fields": {"name": "7_4", "x": 7, "y": 4, "value": "0", "visible": false, "mined": false, "flagged": false, "board": 35}}, {"model": "minesweeper.cell", "pk": 16415, "fields": {"name": "7_5", "x": 7, "y": 5, "value": "0", "visible": false, "mined": false, "flagged": false, "board": 35}}, {"model": "minesweeper.cell", "pk": 16416, "fields": {"name": "7_6", "x": 7, "y": 6, "value": "0", "visible": false, "mined": false, "flagged": false, "board": 35}}, {"model": "minesweeper.cell", "pk": 16417, "fields": {"name": "7_7", "x": 7, "y": 7, "value": "0", "visible": false, "mined": false, "flagged": false, "board": 35}}, {"model": "minesweeper.cell", "pk": 16418, "fields": {"name": "7_8", "x": 7, "y": 8, "value": "0", "visible": false, "mined": false, "flagged": false, "board": 35}}, {"model": "minesweeper.cell", "pk": 16419, "fields": {"name": "7_9", "x": 7, "y": 9, "value": "0", "visible": false, "mined": false, "flagged": false, "board": 35}}, {"model": "minesweeper.cell", "pk": 16420, "fields": {"name": "8_0", "x": 8, "y": 0, "value": "0", "visible": false, "mined": false, "flagged": false, "board": 35}}, {"model": "minesweeper.cell", "pk": 16421, "fields": {"name": "8_1", "x": 8, "y": 1, "value": "0", "visible": false, "mined": false, "flagged": false, "board": 35}}, {"model": "minesweeper.cell", "pk": 16422, "fields": {"name": "8_2", "x": 8, "y": 2, "value": "0", "visible": false, "mined": false, "flagged": false, "board": 35}}, {"model": "minesweeper.cell", "pk": 16423, "fields": {"name": "8_3", "x": 8, "y": 3, "value": "0", "visible": false, "mined": false, "flagged": false, "board": 35}}, {"model": "minesweeper.cell", "pk": 16424, "fields": {"name": "8_4", "x": 8, "y": 4, "value": "0", "visible": false, "mined": false, "flagged": false, "board": 35}}, {"model": "minesweeper.cell", "pk": 16425, "fields": {"name": "8_5", "x": 8, "y": 5, "value": "0", "visible": false, "mined": false, "flagged": false, "board": 35}}, {"model": "minesweeper.cell", "pk": 16426, "fields": {"name": "8_6", "x": 8, "y": 6, "value": "0", "visible": false, "mined": false, "flagged": false, "board": 35}}, {"model": "minesweeper.cell", "pk": 16427, "fields": {"name": "8_7", "x": 8, "y": 7, "value": "0", "visible": false, "mined": false, "flagged": false, "board": 35}}, {"model": "minesweeper.cell", "pk": 16428, "fields": {"name": "8_8", "x": 8, "y": 8, "value": "0", "visible": false, "mined": false, "flagged": false, "board": 35}}, {"model": "minesweeper.cell", "pk": 16429, "fields": {"name": "8_9", "x": 8, "y": 9, "value": "0", "visible": false, "mined": false, "flagged": false, "board": 35}}, {"model": "minesweeper.cell", "pk": 16430, "fields": {"name": "9_0", "x": 9, "y": 0, "value": "0", "visible": false, "mined": false, "flagged": false, "board": 35}}, {"model": "minesweeper.cell", "pk": 16431, "fields": {"name": "9_1", "x": 9, "y": 1, "value": "0", "visible": false, "mined": false, "flagged": false, "board": 35}}, {"model": "minesweeper.cell", "pk": 16432, "fields": {"name": "9_2", "x": 9, "y": 2, "value": "0", "visible": false, "mined": false, "flagged": false, "board": 35}}, {"model": "minesweeper.cell", "pk": 16433, "fields": {"name": "9_3", "x": 9, "y": 3, "value": "0", "visible": false, "mined": false, "flagged": false, "board": 35}}, {"model": "minesweeper.cell", "pk": 16434, "fields": {"name": "9_4", "x": 9, "y": 4, "value": "0", "visible": false, "mined": false, "flagged": false, "board": 35}}, {"model": "minesweeper.cell", "pk": 16435, "fields": {"name": "9_5", "x": 9, "y": 5, "value": "0", "visible": false, "mined": false, "flagged": false, "board": 35}}, {"model": "minesweeper.cell", "pk": 16436, "fields": {"name": "9_6", "x": 9, "y": 6, "value": "0", "visible": false, "mined": false, "flagged": false, "board": 35}}, {"model": "minesweeper.cell", "pk": 16437, "fields": {"name": "9_7", "x": 9, "y": 7, "value": "0", "visible": false, "mined": false, "flagged": false, "board": 35}}, {"model": "minesweeper.cell", "pk": 16438, "fields": {"name": "9_8", "x": 9, "y": 8, "value": "0", "visible": false, "mined": false, "flagged": false, "board": 35}}, {"model": "minesweeper.cell", "pk": 16439, "fields": {"name": "9_9", "x": 9, "y": 9, "value": "0", "visible": false, "mined": false, "flagged": false, "board": 35}}, {"model": "minesweeper.cell", "pk": 16476, "fields": {"name": "0_0", "x": 0, "y": 0, "value": "0", "visible": false, "mined": false, "flagged": false, "board": 19}}, {"model": "minesweeper.cell", "pk": 16477, "fields": {"name": "0_1", "x": 0, "y": 1, "value": "0", "visible": false, "mined": false, "flagged": false, "board": 19}}, {"model": "minesweeper.cell", "pk": 16478, "fields": {"name": "0_2", "x": 0, "y": 2, "value": "0", "visible": false, "mined": false, "flagged": false, "board": 19}}, {"model": "minesweeper.cell", "pk": 16479, "fields": {"name": "0_3", "x": 0, "y": 3, "value": "0", "visible": false, "mined": false, "flagged": false, "board": 19}}, {"model": "minesweeper.cell", "pk": 16480, "fields": {"name": "0_4", "x": 0, "y": 4, "value": "0", "visible": false, "mined": false, "flagged": false, "board": 19}}, {"model": "minesweeper.cell", "pk": 16481, "fields": {"name": "0_5", "x": 0, "y": 5, "value": "0", "visible": false, "mined": false, "flagged": false, "board": 19}}, {"model": "minesweeper.cell", "pk": 16482, "fields": {"name": "1_0", "x": 1, "y": 0, "value": "0", "visible": false, "mined": false, "flagged": false, "board": 19}}, {"model": "minesweeper.cell", "pk": 16483, "fields": {"name": "1_1", "x": 1, "y": 1, "value": "0", "visible": false, "mined": false, "flagged": false, "board": 19}}, {"model": "minesweeper.cell", "pk": 16484, "fields": {"name": "1_2", "x": 1, "y": 2, "value": "0", "visible": false, "mined": false, "flagged": false, "board": 19}}, {"model": "minesweeper.cell", "pk": 16485, "fields": {"name": "1_3", "x": 1, "y": 3, "value": "0", "visible": false, "mined": false, "flagged": false, "board": 19}}, {"model": "minesweeper.cell", "pk": 16486, "fields": {"name": "1_4", "x": 1, "y": 4, "value": "0", "visible": false, "mined": false, "flagged": false, "board": 19}}, {"model": "minesweeper.cell", "pk": 16487, "fields": {"name": "1_5", "x": 1, "y": 5, "value": "0", "visible": false, "mined": false, "flagged": false, "board": 19}}, {"model": "minesweeper.cell", "pk": 16488, "fields": {"name": "2_0", "x": 2, "y": 0, "value": "0", "visible": false, "mined": false, "flagged": false, "board": 19}}, {"model": "minesweeper.cell", "pk": 16489, "fields": {"name": "2_1", "x": 2, "y": 1, "value": "0", "visible": false, "mined": false, "flagged": false, "board": 19}}, {"model": "minesweeper.cell", "pk": 16490, "fields": {"name": "2_2", "x": 2, "y": 2, "value": "1", "visible": false, "mined": false, "flagged": false, "board": 19}}, {"model": "minesweeper.cell", "pk": 16491, "fields": {"name": "2_3", "x": 2, "y": 3, "value": "1", "visible": false, "mined": false, "flagged": false, "board": 19}}, {"model": "minesweeper.cell", "pk": 16492, "fields": {"name": "2_4", "x": 2, "y": 4, "value": "1", "visible": false, "mined": false, "flagged": false, "board": 19}}, {"model": "minesweeper.cell", "pk": 16493, "fields": {"name": "2_5", "x": 2, "y": 5, "value": "0", "visible": false, "mined": false, "flagged": false, "board": 19}}, {"model": "minesweeper.cell", "pk": 16494, "fields": {"name": "3_0", "x": 3, "y": 0, "value": "0", "visible": false, "mined": false, "flagged": false, "board": 19}}, {"model": "minesweeper.cell", "pk": 16495, "fields": {"name": "3_1", "x": 3, "y": 1, "value": "0", "visible": false, "mined": false, "flagged": false, "board": 19}}, {"model": "minesweeper.cell", "pk": 16496, "fields": {"name": "3_2", "x": 3, "y": 2, "value": "1", "visible": false, "mined": false, "flagged": false, "board": 19}}, {"model": "minesweeper.cell", "pk": 16497, "fields": {"name": "3_3", "x": 3, "y": 3, "value": "-1", "visible": false, "mined": true, "flagged": false, "board": 19}}, {"model": "minesweeper.cell", "pk": 16498, "fields": {"name": "3_4", "x": 3, "y": 4, "value": "0", "visible": false, "mined": false, "flagged": false, "board": 19}}, {"model": "minesweeper.cell", "pk": 16499, "fields": {"name": "3_5", "x": 3, "y": 5, "value": "0", "visible": false, "mined": false, "flagged": false, "board": 19}}, {"model": "minesweeper.cell", "pk": 16500, "fields": {"name": "4_0", "x": 4, "y": 0, "value": "0", "visible": false, "mined": false, "flagged": false, "board": 19}}, {"model": "minesweeper.cell", "pk": 16501, "fields": {"name": "4_1", "x": 4, "y": 1, "value": "0", "visible": false, "mined": false, "flagged": false, "board": 19}}, {"model": "minesweeper.cell", "pk": 16502, "fields": {"name": "4_2", "x": 4, "y": 2, "value": "2", "visible": false, "mined": false, "flagged": false, "board": 19}}, {"model": "minesweeper.cell", "pk": 16503, "fields": {"name": "4_3", "x": 4, "y": 3, "value": "2", "visible": false, "mined": false, "flagged": false, "board": 19}}, {"model": "minesweeper.cell", "pk": 16504, "fields": {"name": "4_4", "x": 4, "y": 4, "value": "3", "visible": false, "mined": false, "flagged": false, "board": 19}}, {"model": "minesweeper.cell", "pk": 16505, "fields": {"name": "4_5", "x": 4, "y": 5, "value": "1", "visible": false, "mined": false, "flagged": false, "board": 19}}, {"model": "minesweeper.cell", "pk": 16506, "fields": {"name": "5_0", "x": 5, "y": 0, "value": "0", "visible": false, "mined": false, "flagged": false, "board": 19}}, {"model": "minesweeper.cell", "pk": 16507, "fields": {"name": "5_1", "x": 5, "y": 1, "value": "0", "visible": false, "mined": false, "flagged": false, "board": 19}}, {"model": "minesweeper.cell", "pk": 16508, "fields": {"name": "5_2", "x": 5, "y": 2, "value": "1", "visible": false, "mined": false, "flagged": false, "board": 19}}, {"model": "minesweeper.cell", "pk": 16509, "fields": {"name": "5_3", "x": 5, "y": 3, "value": "-1", "visible": false, "mined": true, "flagged": false, "board": 19}}, {"model": "minesweeper.cell", "pk": 16510, "fields": {"name": "5_4", "x": 5, "y": 4, "value": "1", "visible": false, "mined": false, "flagged": false, "board": 19}}, {"model": "minesweeper.cell", "pk": 16511, "fields": {"name": "5_5", "x": 5, "y": 5, "value": "-1", "visible": false, "mined": true, "flagged": false, "board": 19}}, {"model": "admin.logentry", "pk": 1, "fields": {"action_time": "2021-01-13T02:58:49.693Z", "user": 1, "content_type": 7, "object_id": "1", "object_repr": "Board object (1)", "action_flag": 1, "change_message": "[{\"added\": {}}]"}}, {"model": "admin.logentry", "pk": 2, "fields": {"action_time": "2021-01-13T19:10:01.649Z", "user": 1, "content_type": 7, "object_id": "1", "object_repr": "Board: First game, 3 rows, 3 cols, 3 mines", "action_flag": 2, "change_message": "[{\"changed\": {\"fields\": [\"Name\", \"Rows\", \"Cols\", \"Mines\", \"End\", \"Nr hidden cells\", \"State\"]}}]"}}, {"model": "admin.logentry", "pk": 3, "fields": {"action_time": "2021-01-13T19:15:41.007Z", "user": 1, "content_type": 7, "object_id": "1", "object_repr": "Board: First game, 3 rows, 3 cols, 3 mines, 9 hidden, init, 2021-01-12 21:58:38-05:00", "action_flag": 2, "change_message": "[{\"changed\": {\"fields\": [\"End\"]}}]"}}, {"model": "admin.logentry", "pk": 4, "fields": {"action_time": "2021-01-13T19:16:10.338Z", "user": 1, "content_type": 7, "object_id": "1", "object_repr": "Board: First game, 3 rows, 3 cols, 3 mines, 9 hidden, init, 2021-01-13 14:15:57-05:00", "action_flag": 2, "change_message": "[{\"changed\": {\"fields\": [\"Start\", \"End\"]}}]"}}, {"model": "admin.logentry", "pk": 5, "fields": {"action_time": "2021-01-13T19:44:04.723Z", "user": 1, "content_type": 7, "object_id": "1", "object_repr": "Board: First game, 3 rows, 3 cols, 3 mines, 9 hidden, init, 2021-01-13 14:43:58-05:00", "action_flag": 2, "change_message": "[{\"changed\": {\"fields\": [\"Start\"]}}]"}}, {"model": "admin.logentry", "pk": 6, "fields": {"action_time": "2021-01-13T19:57:59.289Z", "user": 1, "content_type": 7, "object_id": "1", "object_repr": "Board: First game, 3 rows, 3 cols, 3 mines, 9 hidden, BEGIN, 2021-01-13 14:43:58-05:00", "action_flag": 2, "change_message": "[{\"changed\": {\"fields\": [\"End\", \"State\"]}}]"}}, {"model": "admin.logentry", "pk": 7, "fields": {"action_time": "2021-01-13T20:02:24.475Z", "user": 1, "content_type": 7, "object_id": "2", "object_repr": "Board: Board 2, 6 rows, 6 cols, 1 mines, None hidden, BEGIN, 2021-01-13 15:01:59-05:00", "action_flag": 1, "change_message": "[{\"added\": {}}]"}}, {"model": "admin.logentry", "pk": 8, "fields": {"action_time": "2021-01-13T20:02:48.503Z", "user": 1, "content_type": 7, "object_id": "2", "object_repr": "Board: Game 2, 6 rows, 6 cols, 1 mines, None hidden, BEGIN, 2021-01-13 15:01:59-05:00", "action_flag": 2, "change_message": "[{\"changed\": {\"fields\": [\"Name\"]}}]"}}, {"model": "admin.logentry", "pk": 9, "fields": {"action_time": "2021-01-13T20:10:19.674Z", "user": 1, "content_type": 7, "object_id": "3", "object_repr": "Board: Z Game, 5 rows, 5 cols, 1 mines, None hidden, BEGIN, 2021-01-13 15:10:17-05:00", "action_flag": 1, "change_message": "[{\"added\": {}}]"}}, {"model": "admin.logentry", "pk": 10, "fields": {"action_time": "2021-01-14T00:19:11.645Z", "user": 1, "content_type": 8, "object_id": "27", "object_repr": "Cell object (27)", "action_flag": 3, "change_message": ""}}, {"model": "admin.logentry", "pk": 11, "fields": {"action_time": "2021-01-14T17:54:17.072Z", "user": 1, "content_type": 7, "object_id": "19", "object_repr": "Test 2", "action_flag": 2, "change_message": "[{\"changed\": {\"fields\": [\"Name\"]}}]"}}, {"model": "admin.logentry", "pk": 12, "fields": {"action_time": "2021-01-14T18:05:43.788Z", "user": 1, "content_type": 7, "object_id": "33", "object_repr": "Test", "action_flag": 2, "change_message": "[]"}}, {"model": "admin.logentry", "pk": 13, "fields": {"action_time": "2021-01-14T18:06:47.042Z", "user": 1, "content_type": 7, "object_id": "35", "object_repr": "Test 3", "action_flag": 1, "change_message": "[{\"added\": {}}]"}}, {"model": "admin.logentry", "pk": 14, "fields": {"action_time": "2021-01-14T18:07:52.740Z", "user": 1, "content_type": 7, "object_id": "1", "object_repr": "Z First game", "action_flag": 2, "change_message": "[{\"changed\": {\"fields\": [\"Name\"]}}]"}}, {"model": "admin.logentry", "pk": 15, "fields": {"action_time": "2021-01-14T18:08:00.479Z", "user": 1, "content_type": 7, "object_id": "2", "object_repr": "Z Game 2", "action_flag": 2, "change_message": "[{\"changed\": {\"fields\": [\"Name\"]}}]"}}, {"model": "admin.logentry", "pk": 16, "fields": {"action_time": "2021-01-14T18:08:13.356Z", "user": 1, "content_type": 7, "object_id": "33", "object_repr": "Test 1", "action_flag": 2, "change_message": "[{\"changed\": {\"fields\": [\"Name\"]}}]"}}, {"model": "admin.logentry", "pk": 17, "fields": {"action_time": "2021-01-14T18:24:48.385Z", "user": 1, "content_type": 8, "object_id": "212", "object_repr": "Cell: cell_name, 2, 2, 0, True, False, False", "action_flag": 3, "change_message": ""}}, {"model": "admin.logentry", "pk": 18, "fields": {"action_time": "2021-01-14T18:24:48.388Z", "user": 1, "content_type": 8, "object_id": "211", "object_repr": "Cell: cell_name, 2, 1, 0, True, False, False", "action_flag": 3, "change_message": ""}}, {"model": "admin.logentry", "pk": 19, "fields": {"action_time": "2021-01-14T18:24:48.389Z", "user": 1, "content_type": 8, "object_id": "210", "object_repr": "Cell: cell_name, 2, 0, 0, True, False, False", "action_flag": 3, "change_message": ""}}, {"model": "admin.logentry", "pk": 20, "fields": {"action_time": "2021-01-14T18:24:48.391Z", "user": 1, "content_type": 8, "object_id": "209", "object_repr": "Cell: cell_name, 1, 2, 0, True, False, False", "action_flag": 3, "change_message": ""}}, {"model": "admin.logentry", "pk": 21, "fields": {"action_time": "2021-01-14T18:24:48.392Z", "user": 1, "content_type": 8, "object_id": "208", "object_repr": "Cell: cell_name, 1, 1, 0, True, False, False", "action_flag": 3, "change_message": ""}}, {"model": "admin.logentry", "pk": 22, "fields": {"action_time": "2021-01-14T18:24:48.393Z", "user": 1, "content_type": 8, "object_id": "207", "object_repr": "Cell: cell_name, 1, 0, 0, True, False, False", "action_flag": 3, "change_message": ""}}, {"model": "admin.logentry", "pk": 23, "fields": {"action_time": "2021-01-14T18:24:48.395Z", "user": 1, "content_type": 8, "object_id": "206", "object_repr": "Cell: cell_name, 0, 2, 0, True, False, False", "action_flag": 3, "change_message": ""}}, {"model": "admin.logentry", "pk": 24, "fields": {"action_time": "2021-01-14T18:24:48.396Z", "user": 1, "content_type": 8, "object_id": "205", "object_repr": "Cell: cell_name, 0, 1, 0, True, False, False", "action_flag": 3, "change_message": ""}}, {"model": "admin.logentry", "pk": 25, "fields": {"action_time": "2021-01-14T18:24:48.398Z", "user": 1, "content_type": 8, "object_id": "204", "object_repr": "Cell: cell_name, 0, 0, 0, True, False, False", "action_flag": 3, "change_message": ""}}, {"model": "admin.logentry", "pk": 26, "fields": {"action_time": "2021-01-14T18:44:25.558Z", "user": 1, "content_type": 7, "object_id": "35", "object_repr": "Test 3", "action_flag": 2, "change_message": "[{\"changed\": {\"fields\": [\"Rows\", \"Cols\", \"Mines\"]}}]"}}, {"model": "admin.logentry", "pk": 27, "fields": {"action_time": "2021-01-15T00:37:12.882Z", "user": 1, "content_type": 7, "object_id": "45", "object_repr": "Test 4", "action_flag": 2, "change_message": "[{\"changed\": {\"fields\": [\"Name\", \"Rows\", \"Cols\"]}}]"}}, {"model": "admin.logentry", "pk": 28, "fields": {"action_time": "2021-01-15T00:38:07.686Z", "user": 1, "content_type": 7, "object_id": "45", "object_repr": "Test 4", "action_flag": 2, "change_message": "[{\"changed\": {\"fields\": [\"Rows\", \"Cols\"]}}]"}}, {"model": "admin.logentry", "pk": 29, "fields": {"action_time": "2021-01-15T00:39:45.992Z", "user": 1, "content_type": 7, "object_id": "45", "object_repr": "Test 4", "action_flag": 2, "change_message": "[{\"changed\": {\"fields\": [\"Rows\", \"Cols\"]}}]"}}, {"model": "admin.logentry", "pk": 30, "fields": {"action_time": "2021-01-15T00:41:18.866Z", "user": 1, "content_type": 7, "object_id": "45", "object_repr": "Test 4", "action_flag": 2, "change_message": "[{\"changed\": {\"fields\": [\"Rows\", \"Cols\"]}}]"}}, {"model": "admin.logentry", "pk": 31, "fields": {"action_time": "2021-01-15T02:19:14.865Z", "user": 1, "content_type": 7, "object_id": "35", "object_repr": "Test 3", "action_flag": 2, "change_message": "[{\"changed\": {\"fields\": [\"Rows\", \"Cols\"]}}]"}}, {"model": "admin.logentry", "pk": 32, "fields": {"action_time": "2021-01-15T23:57:23.341Z", "user": 1, "content_type": 7, "object_id": "19", "object_repr": "Test 2", "action_flag": 2, "change_message": "[{\"changed\": {\"fields\": [\"Rows\", \"Cols\"]}}]"}}, {"model": "admin.logentry", "pk": 33, "fields": {"action_time": "2021-01-18T01:48:40.382Z", "user": 1, "content_type": 4, "object_id": "2", "object_repr": "gibil", "action_flag": 1, "change_message": "[{\"added\": {}}]"}}, {"model": "admin.logentry", "pk": 34, "fields": {"action_time": "2021-01-18T01:49:16.116Z", "user": 1, "content_type": 4, "object_id": "2", "object_repr": "gibil", "action_flag": 2, "change_message": "[{\"changed\": {\"fields\": [\"Email address\"]}}]"}}, {"model": "admin.logentry", "pk": 35, "fields": {"action_time": "2021-01-18T19:38:26.528Z", "user": 1, "content_type": 7, "object_id": "19", "object_repr": "Test 2", "action_flag": 2, "change_message": "[{\"changed\": {\"fields\": [\"Mines\"]}}]"}}, {"model": "admin.logentry", "pk": 36, "fields": {"action_time": "2021-01-18T19:39:49.374Z", "user": 1, "content_type": 7, "object_id": "35", "object_repr": "Test 3", "action_flag": 2, "change_message": "[]"}}, {"model": "admin.logentry", "pk": 37, "fields": {"action_time": "2021-01-20T18:22:45.238Z", "user": 1, "content_type": 7, "object_id": "19", "object_repr": "Test 2", "action_flag": 2, "change_message": "[{\"changed\": {\"fields\": [\"Mines\"]}}]"}}, {"model": "auth.permission", "pk": 1, "fields": {"name": "Can add log entry", "content_type": 1, "codename": "add_logentry"}}, {"model": "auth.permission", "pk": 2, "fields": {"name": "Can change log entry", "content_type": 1, "codename": "change_logentry"}}, {"model": "auth.permission", "pk": 3, "fields": {"name": "Can delete log entry", "content_type": 1, "codename": "delete_logentry"}}, {"model": "auth.permission", "pk": 4, "fields": {"name": "Can view log entry", "content_type": 1, "codename": "view_logentry"}}, {"model": "auth.permission", "pk": 5, "fields": {"name": "Can add permission", "content_type": 2, "codename": "add_permission"}}, {"model": "auth.permission", "pk": 6, "fields": {"name": "Can change permission", "content_type": 2, "codename": "change_permission"}}, {"model": "auth.permission", "pk": 7, "fields": {"name": "Can delete permission", "content_type": 2, "codename": "delete_permission"}}, {"model": "auth.permission", "pk": 8, "fields": {"name": "Can view permission", "content_type": 2, "codename": "view_permission"}}, {"model": "auth.permission", "pk": 9, "fields": {"name": "Can add group", "content_type": 3, "codename": "add_group"}}, {"model": "auth.permission", "pk": 10, "fields": {"name": "Can change group", "content_type": 3, "codename": "change_group"}}, {"model": "auth.permission", "pk": 11, "fields": {"name": "Can delete group", "content_type": 3, "codename": "delete_group"}}, {"model": "auth.permission", "pk": 12, "fields": {"name": "Can view group", "content_type": 3, "codename": "view_group"}}, {"model": "auth.permission", "pk": 13, "fields": {"name": "Can add user", "content_type": 4, "codename": "add_user"}}, {"model": "auth.permission", "pk": 14, "fields": {"name": "Can change user", "content_type": 4, "codename": "change_user"}}, {"model": "auth.permission", "pk": 15, "fields": {"name": "Can delete user", "content_type": 4, "codename": "delete_user"}}, {"model": "auth.permission", "pk": 16, "fields": {"name": "Can view user", "content_type": 4, "codename": "view_user"}}, {"model": "auth.permission", "pk": 17, "fields": {"name": "Can add content type", "content_type": 5, "codename": "add_contenttype"}}, {"model": "auth.permission", "pk": 18, "fields": {"name": "Can change content type", "content_type": 5, "codename": "change_contenttype"}}, {"model": "auth.permission", "pk": 19, "fields": {"name": "Can delete content type", "content_type": 5, "codename": "delete_contenttype"}}, {"model": "auth.permission", "pk": 20, "fields": {"name": "Can view content type", "content_type": 5, "codename": "view_contenttype"}}, {"model": "auth.permission", "pk": 21, "fields": {"name": "Can add session", "content_type": 6, "codename": "add_session"}}, {"model": "auth.permission", "pk": 22, "fields": {"name": "Can change session", "content_type": 6, "codename": "change_session"}}, {"model": "auth.permission", "pk": 23, "fields": {"name": "Can delete session", "content_type": 6, "codename": "delete_session"}}, {"model": "auth.permission", "pk": 24, "fields": {"name": "Can view session", "content_type": 6, "codename": "view_session"}}, {"model": "auth.permission", "pk": 25, "fields": {"name": "Can add board", "content_type": 7, "codename": "add_board"}}, {"model": "auth.permission", "pk": 26, "fields": {"name": "Can change board", "content_type": 7, "codename": "change_board"}}, {"model": "auth.permission", "pk": 27, "fields": {"name": "Can delete board", "content_type": 7, "codename": "delete_board"}}, {"model": "auth.permission", "pk": 28, "fields": {"name": "Can view board", "content_type": 7, "codename": "view_board"}}, {"model": "auth.permission", "pk": 29, "fields": {"name": "Can add cell", "content_type": 8, "codename": "add_cell"}}, {"model": "auth.permission", "pk": 30, "fields": {"name": "Can change cell", "content_type": 8, "codename": "change_cell"}}, {"model": "auth.permission", "pk": 31, "fields": {"name": "Can delete cell", "content_type": 8, "codename": "delete_cell"}}, {"model": "auth.permission", "pk": 32, "fields": {"name": "Can view cell", "content_type": 8, "codename": "view_cell"}}, {"model": "auth.user", "pk": 1, "fields": {"password": "pbkdf2_sha256$216000$mRxZoX5LiQfn$DGPizon7BHslfwxjlxLYB93o9QpQdg6tkcTcOlQqYPM=", "last_login": "2021-01-18T01:44:31.327Z", "is_superuser": true, "username": "admin", "first_name": "", "last_name": "", "email": "admin@gmail.com", "is_staff": true, "is_active": true, "date_joined": "2021-01-13T01:59:54.498Z", "groups": [], "user_permissions": []}}, {"model": "auth.user", "pk": 2, "fields": {"password": "pbkdf2_sha256$216000$fHCELvONKDEg$y9Othxn8CC+FsVer5d1658IoAH9Q8MQnt5OTGqFS4tY=", "last_login": null, "is_superuser": false, "username": "gibil", "first_name": "", "last_name": "", "email": "gibil@gmail.com", "is_staff": false, "is_active": true, "date_joined": "2021-01-18T01:48:40Z", "groups": [], "user_permissions": []}}, {"model": "contenttypes.contenttype", "pk": 1, "fields": {"app_label": "admin", "model": "logentry"}}, {"model": "contenttypes.contenttype", "pk": 2, "fields": {"app_label": "auth", "model": "permission"}}, {"model": "contenttypes.contenttype", "pk": 3, "fields": {"app_label": "auth", "model": "group"}}, {"model": "contenttypes.contenttype", "pk": 4, "fields": {"app_label": "auth", "model": "user"}}, {"model": "contenttypes.contenttype", "pk": 5, "fields": {"app_label": "contenttypes", "model": "contenttype"}}, {"model": "contenttypes.contenttype", "pk": 6, "fields": {"app_label": "sessions", "model": "session"}}, {"model": "contenttypes.contenttype", "pk": 7, "fields": {"app_label": "minesweeper", "model": "board"}}, {"model": "contenttypes.contenttype", "pk": 8, "fields": {"app_label": "minesweeper", "model": "cell"}}, {"model": "sessions.session", "pk": "i63lcnz98zctxq7rvh2sjqo3ceotwr2y", "fields": {"session_data": ".eJxVjMsOwiAQRf-FtSHA8GhduvcbyDAwUjU0Ke3K-O_apAvd3nPOfYmI21rj1ssSpyzOQovT75aQHqXtIN-x3WZJc1uXKcldkQft8jrn8rwc7t9BxV6_9ei1CgYLYCCDWWkgcmQtGwfEavSOLaBBViaBHwYsHBjRM-vEmkC8P-JxOHk:1kzVT9:jZVpvNZekTamt-IV44YG2HwhXw4Lmq4l1uOrl0ts6g8", "expire_date": "2021-01-27T02:01:07.569Z"}}]
